employee_id,full_name,gender,department_id,job_title,hire_date,employee_status,termination_date,marital_status,email,base_salary
1001,Joseph Johnson,Female,4,IT Support Analyst,7/16/2025,Active,,,joseph.johnson@abcorp.com,175426.14
1002,Kimberly Lee,Female,1,HR Manager,22-Oct-30,Active,,Divorced,kimberly.lee@abcorp.com,224196.67
1003,Chukwuemeka Garcia,Female,10,Vendor Coordinator,6/22/2021,Terminated,,Single,chukwuemeka.garcia@abcorp.com,834254.18
1004,  Elizabeth Perez ,Male,9,Compliance Officer,16-Oct-31,Active,,Divorced,elizabeth.perez@abcorp.com,697691.4
1005,  Femi Balogun ,Female,7,Client Relations Officer,8/8/2016,Active,,Married,femi.balogun@abcorp.com,492747.06
1006,Karen White,Male,7,Call Center Lead,15-Sep-18,Active,,,karen.white@abcorp.com,
1007,Joseph Ibrahim,Female,3,  Brand Executive ,1/15/2014,Terminated,14-Dec-17,Married,joseph.ibrahim81@abcorp.com,661159.6
1008,  Bukola Anderson ,Male,2,Account Executive,6/13/2018,Active,,Married,BUKOLA.ANDERSON@ABCORP.COM,538792.37
1009,Mark Balogun,,5,  Payroll Officer ,7/22/2014,Active,,Widowed,mark.balogun@abcorp.com,
1010,  david williams ,Female,2,Sales Associate,1/9/2017,Terminated,6/12/2022,,david.williams@abcorp.com,528136.82
1011,MICHAEL CLARK,Male,1,HR BUSINESS PARTNER,2/3/2023,On Leave,,Single,michael.clark58@abcorp.com,296790.43
1012,Melissa Smith,Male,4,IT Support Analyst,19-Jul-23,Active,,Married,melissa.smith@abcorp.com,151724.3
1013,EDWARD MARTINEZ,Male,5,Accountant,15-Aug-28,Terminated,1/29/2021,,edward.martinez62@abcorp.com,832175.91
1014,  Jessica Martin ,Male,10,Buyer,15-Jun-12,Active,,Widowed,jessica.martin@abcorp.com,358612.56
1015,Elizabeth Smith,Female,10,Buyer,2/14/2016,Terminated,23-May-18,Divorced,ELIZABETH.SMITH@ABCORP.COM,345427.53
1016,Musa Sanchez,Male,3,Content Strategist,4/17/2016,Terminated,3/16/2022,Divorced,musa.sanchez44@abcorp.com,657390.37
1017,James Adekunle,Male,5,accountant,23-Apr-25,Terminated,23-Dec-24,,,210195.09
1018,Zainab Okonkwo,Male,6,  Operations Manager ,8/25/2022,Terminated,,Divorced,zainab.okonkwo@abcorp.com,646529.21
1019,Uche Danjuma,,5,accountant,10/23/2031,Active,,Widowed,uche.danjuma@abcorp.com,803269.28
1020,David Allen,Female,6,Process Engineer,6/19/2026,On Leave,,,david.allen34@abcorp.com,920027.45
1021,GRACE MARTIN,Male,5,Financial Analyst,22-Dec-13,Active,,,grace.martin@abcorp.com,743560.06
1022,Musa Thomas,,7,Support Agent,7/7/2019,Active,,,musa.thomas@abcorp.com,691854.36
1023,Bukola Ogundipe,Female,8,  r&d engineer ,20-Sep-24,On Leave,,,bukola.ogundipe66@abcorp.com,645408.64
1024,Steven Thompson,Male,8,Lab Technician,22-Jan-23,Active,,,steven.thompson@abcorp.com,
1025,Ronald Ogundipe,Male,9,Compliance Officer,16-May-12,Active,,Widowed,ronald.ogundipe@abcorp.com,910031.69
1026,STEVEN ALIYU,Female,4,data analyst,23-Aug-03,Active,,,steven.aliyu@abcorp.com,337594.86
1027,Sandra Danjuma,Female,9,Contracts Manager,8/31/2019,Active,,Widowed,sandra.danjuma@abcorp.com,165625.57
1028,Sandra Moore,Male,8,R&D Engineer,18-Jan-22,Active,,Single,sandra.moore@abcorp.com,729345.1
1029,William Harris,Female,3,  Brand Executive ,1/14/2017,Active,,Widowed,william.harris@abcorp.com,853711.99
1030,Tayo Abubakar,Male,1,HR Officer,10/9/2017,On Leave,,Single,tayo.abubakar61@abcorp.com,601175.67
1031,Chinedu Yusuf,Male,10,  Procurement Officer ,18-Jul-01,Terminated,18-Mar-22,,chinedu.yusuf@abcorp.com,344279.5
1032,Anthony Nnamdi,Female,2,Sales Associate,6/4/2022,Active,,Widowed,anthony.nnamdi47@abcorp.com,812965.85
1033,Carol Ogundipe,Female,10,Vendor Coordinator,8/13/2018,On Leave,,Single,carol.ogundipe@abcorp.com,605879.72
1034,  Adaeze Perez ,Female,9,Legal Counsel,10/17/2020,Active,,Married,adaeze.perez@abcorp.com,702487.47
1035,fatima wilson,Female,7,Call Center Lead,16-09-2018,Terminated,2/2/2023,Divorced,fatima.wilson25@abcorp.com,744304.85
1036,Kelechi Miller,Male,5,Accountant,1/18/2019,Active,,Single,kelechi.miller6@abcorp.com,592687.17
1037,GEORGE ADEKUNLE,Male,1,Recruiter,5/10/2020,On Leave,,Single,george.adekunle81@abcorp.com,271381.61
1038,CHIDI ALLEN,Female,8,lab technician,18-May-02,Active,,Divorced,CHIDI.ALLEN95@ABCORP.COM,760189.68
1039,  Steven Ibrahim ,Male,4,  data analyst ,5/12/2022,Terminated,7/18/2024,,steven.ibrahim81@abcorp.com,793124.54
1040,Zainab Perez,Female,8,RESEARCH SCIENTIST,3/4/2020,Active,,,zainab.perez70@abcorp.com,
1041,ROBERT YOUNG,Female,10,Procurement Officer,7/23/2023,Active,,,robert.young@abcorp.com,618263.7
1042,Uche Danjuma,Female,5,payroll officer,23-Jul-13,Active,,Widowed,uche.danjuma15@abcorp.com,473340.05
1043,michelle white,Female,1,HR MANAGER,17-Dec-29,Active,,Divorced,michelle.white@abcorp.com,928517.45
1044,Joseph Ogundipe,Male,3,Brand Executive,14-01-2023,Terminated,23-12-2024,Widowed,joseph.ogundipe@abcorp.com,591012.06
1045,Sandra Adekunle,Female,1,Recruiter,21-02-2023,On Leave,,,sandra.adekunle@abcorp.com,507237.91
1046,Segun Martin,Female,4,Systems Administrator,28-06-2015,Terminated,21/04/20,Widowed,segun.martin@abcorp.com,"NGN 934,654.51"
1047,Amanda Ogundipe,Male,3,Brand Executive,5/5/2022,Active,,Widowed,amanda.ogundipe80@abcorp.com,669869.32
1048,MELISSA WILLIAMS,Male,4,Data Analyst,7/17/2020,Active,,Widowed,melissa.williams@abcorp.com,230405.79
1049,Folake Taylor,,10,Purchasing Manager,11/27/2016,Active,,,folake.taylor@abcorp.com,880263.21
1050,Melissa Okafor,Male,8,PRODUCT DEVELOPER,3/8/2021,Terminated,19/05/23,Divorced,melissa.okafor@abcorp.com,832668.37
1051,Daniel Bello,Male,10,PROCUREMENT OFFICER,10/21/2019,Active,,Divorced,daniel.bello46@abcorp.com,302105.59
1052,Jennifer Yusuf,Female,1,training coordinator,3/2/2019,Active,,Single,jennifer.yusuf@abcorp.com,310635.84
1053,  Carol Ibrahim ,Female,2,Regional Sales Lead,11/5/2015,On Leave,,Married,carol.ibrahim@abcorp.com,923815.8
1054,Aisha Lee,Female,6,  operations analyst ,7/27/2022,Active,,Single,aisha.lee@abcorp.com,638065.76
1055,john yusuf,Female,2,Sales Representative,17-Aug-19,Active,,Widowed,john.yusuf@abcorp.com,906779.27
1056,  adaeze williams ,Female,4,Systems Administrator,12/27/2019,On Leave,,Divorced,adaeze.williams@abcorp.com,932274.02
1057,Robert Brown,Female,4,IT Support Analyst,23-Oct-29,Active,,Single,robert.brown@abcorp.com,800442.38
1058,Melissa Okoro,Male,2,sales representative,6/23/2016,Active,,Married,MELISSA.OKORO34@ABCORP.COM,743374.45
1059,JENNIFER ROBINSON,Female,8,Research Scientist,15-Sep-07,On Leave,,Widowed,jennifer.robinson92@abcorp.com,208792.57
1060,Amanda Ibrahim,Female,9,Legal Assistant,10/29/2019,On Leave,,,amanda.ibrahim@abcorp.com,591068.18
1061,Femi Nnamdi,Female,5,finance manager,9/16/2017,Active,,Single,FEMI.NNAMDI56@ABCORP.COM,741036.8
1062,Mark Robinson,Male,5,Auditor,3/7/2018,Active,,,mark.robinson62@abcorp.com,236574.71
1063,Patricia Perez,Female,1,HR Manager,1/18/2024,On Leave,,Divorced,patricia.perez@abcorp.com,"NGN 264,601.19"
1064,KENNETH ADEKUNLE,Male,6,Logistics Coordinator,3/2/2023,On Leave,,,kenneth.adekunle@abcorp.com,
1065,Amina Young,Male,6,Warehouse Supervisor,30-03-2016,Terminated,11-Aug-23,Widowed,amina.young@abcorp.com,937556.53
1066,MICHELLE WALKER,Female,3,Marketing Manager,19-Apr-07,Terminated,31-Jul-21,,MICHELLE.WALKER@ABCORP.COM,
1067,  Sandra Ibrahim ,Male,7,Customer Service Rep,8/23/2018,On Leave,,,sandra.ibrahim@abcorp.com,499369.42
1068,ngozi jones,Male,9,Legal Assistant,5/3/2017,Active,,,ngozi.jones@abcorp.com,232243.62
1069,DONNA YOUNG,Female,10,Buyer,8/18/2016,Active,,Married,donna.young@abcorp.com,787063.74
1070,Barbara Thompson,Female,8,  Innovation Lead ,3/21/2020,Active,,Widowed,barbara.thompson@abcorp.com,634004.67
1071,Emeka Williams,Male,8,Lab Technician,20-Nov-16,Terminated,21-11-2020,Divorced,emeka.williams@abcorp.com,693118.18
1072,Karen Adekunle,Male,10,Purchasing Manager,3/12/2018,Terminated,5/25/2022,,karen.adekunle72@abcorp.com,783329.57
1073,mark thomas,Female,1,  Recruiter ,6/19/2018,Active,,Divorced,mark.thomas@abcorp.com,260052.28
1074,Nneka Allen,Male,10,Supply Chain Analyst,9/23/2016,Active,,,nneka.allen@abcorp.com,500138.72
1075,  Anthony Nwosu ,Female,8,R&D Engineer,2/19/2015,Terminated,10-Dec-23,Divorced,anthony.nwosu@abcorp.com,279646.54
1076,Ronald Davis,Female,2,Sales Manager,18-Jan-22,Terminated,27-Aug-19,Single,ronald.davis58@abcorp.com,894377.54
1077,  Richard Lewis ,Female,3,Marketing Manager,6/6/2015,On Leave,,Widowed,richard.lewis91@abcorp.com,"NGN 642,278.61"
1078,kelechi nwosu,Female,2,Sales Representative,17-Sep-03,Terminated,27-Dec-23,Single,kelechi.nwosu@abcorp.com,163148.28
1079,WILLIAM TAYLOR,Female,2,Sales Associate,21-Feb-06,On Leave,,,william.taylor@abcorp.com,658536.63
1080,Uche Rodriguez,Male,6,  process engineer ,10/18/2018,Active,,,uche.rodriguez@abcorp.com,799198.15
1081,Zainab Thomas,Female,9,Contracts Manager,11/3/2017,On Leave,,,zainab.thomas@abcorp.com,842638.62
1082,Amaka Anderson,Female,6,Process Engineer,12/28/2017,Terminated,10/5/2021,Widowed,amaka.anderson@abcorp.com,406969.14
1083,Jennifer Robinson,Female,10,Supply Chain Analyst,1/18/2029,On Leave,,Single,,660010.03
1084,John Rodriguez,Male,4,data analyst,19-Jan-23,Terminated,13-May-19,Married,john.rodriguez@abcorp.com,760467.58
1085,Michelle Taylor,Female,9,Legal Counsel,8/12/2017,Terminated,1/2/2022,,michelle.taylor@abcorp.com,248109.94
1086,  Femi Sanchez ,Female,2,SALES ASSOCIATE,29-01-2021,Active,,Married,femi.sanchez@abcorp.com,784957.11
1087,Fatima Ogundipe,Male,10,Procurement Officer,27-09-2015,Active,,,fatima.ogundipe@abcorp.com,808671.52
1088,AMAKA ALLEN,Male,7,Call Center Lead,8/15/2015,Terminated,18-09-2016,Married,amaka.allen@abcorp.com,907986.51
1089,Anthony Garcia,Male,10,Buyer,9/23/2016,Terminated,1/1/2023,,ANTHONY.GARCIA@ABCORP.COM,841024.95
1090,patricia anderson,Female,5,Payroll Officer,9/17/2030,Active,,Divorced,patricia.anderson@abcorp.com,482497.4
1091,Nancy Rodriguez,Female,9,Legal Assistant,10/3/2016,Active,,Widowed,nancy.rodriguez@abcorp.com,190484.23
1092,Femi Eze,Male,8,Innovation Lead,20-Mar-27,Active,,Widowed,,906186.24
1093,Steven Ibrahim,Male,2,Regional Sales Lead,2/7/2016,Terminated,7-Feb-20,Divorced,,190926.15
1094,  Jessica Rodriguez ,Male,7,support agent,30-11-2023,Terminated,1/10/2024,Married,JESSICA.RODRIGUEZ@ABCORP.COM,181131.17
1095,Femi Okafor,Female,10,VENDOR COORDINATOR,28-08-2021,Terminated,10-Nov-23,Widowed,femi.okafor3@abcorp.com,689045.11
1096,Ifeoma Robinson,Male,10,Supply Chain Analyst,16-Nov-29,Terminated,1-Feb-24,Widowed,IFEOMA.ROBINSON@ABCORP.COM,"NGN 908,564.14"
1097,Steven Walker,Male,3,SEO Specialist,17-Apr-29,Active,,,steven.walker@abcorp.com,517730.83
1098,Carol Eze,Male,5,Auditor,5/7/2018,Active,,Divorced,carol.eze@abcorp.com,533842.74
1099,Daniel Musa,Male,5,Financial Analyst,3/18/2024,Active,,Divorced,daniel.musa@abcorp.com,321189.45
1100,Michael Sanchez,Male,4,Software Engineer,16-Feb-15,Active,,,michael.sanchez@abcorp.com,921615.01
1101,  Kelechi Chukwu ,Female,1,HR Officer,22-Apr-25,Active,,,KELECHI.CHUKWU@ABCORP.COM,887176.71
1102,Chiamaka Williams,Male,5,Auditor,10/4/2021,Active,,Divorced,chiamaka.williams@abcorp.com,861407.97
1103,  amaka smith ,Female,5,Auditor,7/25/2022,Active,,,amaka.smith@abcorp.com,562224.53
1104,Segun Aliyu,Female,6,Logistics Coordinator,7/21/2013,Terminated,,Divorced,SEGUN.ALIYU@ABCORP.COM,244579.88
1105,Chiamaka Okonkwo,Male,4,IT Support Analyst,5/12/2020,Active,,,chiamaka.okonkwo@abcorp.com,880237.51
1106,Amanda Aliyu,Female,2,Sales Associate,4/4/2016,On Leave,,,amanda.aliyu69@abcorp.com,412494.11
1107,KENNETH RODRIGUEZ,Female,8,Innovation Lead,15-Aug-25,Active,,,kenneth.rodriguez@abcorp.com,803162.58
1108,David Wilson,Male,5,Payroll Officer,1/7/2017,On Leave,,,david.wilson@abcorp.com,944285.28
1109,Tayo Davis,Male,9,Contracts Manager,12/6/2020,Terminated,4/1/2021,Single,tayo.davis@abcorp.com,489302.42
1110,John Sanchez,Female,10,Procurement Officer,9/12/2017,Active,,Single,john.sanchez@abcorp.com,"NGN 847,769.93"
1111,Chiamaka Abubakar,Female,10,buyer,8/23/2031,On Leave,,Divorced,chiamaka.abubakar@abcorp.com,567000.84
1112,Michelle Brown,Female,7,Call Center Lead,7/18/2029,Active,,Widowed,michelle.brown@abcorp.com,528815.06
1113,Amanda Rodriguez,Female,4,Data Analyst,12/4/2017,Terminated,20-Nov-17,Divorced,amanda.rodriguez@abcorp.com,364769.27
1114,Carol Balogun,Female,5,Financial Analyst,5/17/2017,Terminated,26/04/18,Widowed,carol.balogun@abcorp.com,467305.65
1115,Michelle Ogundipe,Male,8,Product Developer,12/4/2017,Active,,Widowed,,"NGN 841,267.87"
1116,  Ifeoma Uzoma ,Male,8,innovation lead,5/5/2022,Active,,Divorced,ifeoma.uzoma@abcorp.com,741675.27
1117,Linda Taylor,Male,2,  Sales Representative ,7/28/2023,Active,,Married,linda.taylor91@abcorp.com,"NGN 324,975.74"
1118,  ANTHONY JACKSON ,Female,1,HR Officer,8/12/2020,Active,,,anthony.jackson90@abcorp.com,794934.16
1119,OBINNA AFOLABI,Male,6,  WAREHOUSE SUPERVISOR ,20-Feb-24,Active,,,obinna.afolabi@abcorp.com,672988.58
1120,NGOZI GARCIA,Female,7,  Support Agent ,5/6/2021,Terminated,,Married,ngozi.garcia@abcorp.com,
1121,Femi Johnson,Male,10,Purchasing Manager,9/6/2023,On Leave,,Widowed,femi.johnson73@abcorp.com,817720.45
1122,Brian Walker,Female,1,HR Officer,11/26/2019,On Leave,,Single,brian.walker@abcorp.com,"NGN 467,362.44"
1123,ASHLEY ADEYEMI,Female,2,Sales Associate,4/24/2018,Terminated,10/29/2018,Divorced,ashley.adeyemi@abcorp.com,741724.23
1124,Amaka Nnamdi,Female,9,Legal Assistant,20-Sep-29,Active,,Single,amaka.nnamdi@abcorp.com,"NGN 777,550.98"
1125,Folake Martin,Male,7,Customer Success Manager,22-07-2016,Active,,Divorced,folake.martin56@abcorp.com,389801.8
1126,Sarah Yusuf,Male,7,support agent,21-Dec-15,On Leave,,Divorced,sarah.yusuf@abcorp.com,670829.49
1127,FEMI IBRAHIM,Female,10,Purchasing Manager,18-Aug-27,Active,,Widowed,femi.ibrahim@abcorp.com,947811.94
1128,David Danjuma,Female,3,Content Strategist,18-09-2017,Terminated,24/09/18,Widowed,david.danjuma77@abcorp.com,470644.08
1129,  Anthony Perez ,Male,2,Sales Manager,5/22/2017,Active,,Married,anthony.perez83@abcorp.com,469694.2
1130,Chidi Aliyu,Female,7,Client Relations Officer,8/23/2030,Terminated,8-Dec-24,Married,chidi.aliyu14@abcorp.com,886438.04
1131,Tayo Wilson,Male,8,Lab Technician,7/30/2018,Active,,Single,tayo.wilson44@abcorp.com,691711.47
1132,ifeoma afolabi,Male,3,Brand Executive,6/9/2019,Terminated,19-Mar-21,,ifeoma.afolabi28@abcorp.com,"NGN 751,860.40"
1133,  Aisha Sanchez ,Female,9,paralegal,21-Sep-11,Terminated,15-Mar-23,Single,aisha.sanchez@abcorp.com,800990.6
1134,amaka okonkwo,Male,9,Contracts Manager,19-Sep-10,Active,,,amaka.okonkwo82@abcorp.com,885328.8
1135,  Kemi Smith ,Female,3,Marketing Manager,19-Apr-22,Terminated,20-Jul-24,,kemi.smith@abcorp.com,283802.79
1136,Michelle Jackson,Male,10,  Procurement Officer ,18-Jan-02,On Leave,,Divorced,michelle.jackson@abcorp.com,503093.26
1137,Aisha Musa,Male,8,Research Scientist,9/12/2023,Active,,,aisha.musa@abcorp.com,656216.5
1138,Anthony Okafor,Female,5,Finance Manager,3/6/2021,On Leave,,,ANTHONY.OKAFOR@ABCORP.COM,920217.6
1139,Bukola Nwosu,Female,8,R&D Engineer,6/21/2023,Active,,,bukola.nwosu@abcorp.com,854100.07
1140,james allen,Male,8,Product Developer,15-Sep-17,Active,,Married,james.allen@abcorp.com,408292.12
1141,Jennifer Miller,Female,1,  HR Officer ,16-Oct-09,Active,,Single,jennifer.miller@abcorp.com,877525.77
1142,Ngozi Brown,Female,5,Accountant,10/19/2025,Active,,,ngozi.brown10@abcorp.com,"NGN 330,952.69"
1143,  Elizabeth Abubakar ,Female,2,Sales Representative,27-02-2016,Active,,Divorced,elizabeth.abubakar@abcorp.com,256516.98
1144,KAREN DANJUMA,Female,4,Software Engineer,2/16/2016,On Leave,,Single,karen.danjuma@abcorp.com,401602.93
1145,Patricia Sanchez,Female,4,  IT Manager ,21-Oct-21,Active,,,patricia.sanchez@abcorp.com,785022.43
1146,AHMED CHUKWU,Male,7,Call Center Lead,20-09-2019,Terminated,8-Dec-20,Single,,"NGN 204,026.06"
1147,Sandra Nnamdi,Female,2,Sales Associate,21-Jan-11,Active,,Divorced,sandra.nnamdi27@abcorp.com,274301.7
1148,Segun Brown,Male,2,Regional Sales Lead,16-Apr-20,Terminated,10/29/2022,Divorced,segun.brown@abcorp.com,"NGN 160,131.98"
1149,Fatima Rodriguez,Female,2,Sales Representative,18-Oct-04,Active,,,,"NGN 719,858.60"
1150,Ibrahim Allen,Male,10,Procurement Officer,7/17/2024,Terminated,,Single,ibrahim.allen6@abcorp.com,456383.58
1151,BUKOLA NWOSU,Female,6,Logistics Coordinator,15-Nov-16,Active,,Single,bukola.nwosu@abcorp.com,793470.42
1152,Kenneth Smith,Female,4,DATA ANALYST,28-04-2021,Terminated,6/29/2024,Widowed,kenneth.smith@abcorp.com,770708.76
1153,Mary Adekunle,Male,7,Support Agent,3/1/2016,Terminated,2-Sep-18,Widowed,mary.adekunle@abcorp.com,
1154,William Lee,Male,9,Compliance Officer,22-Feb-23,Active,,,william.lee@abcorp.com,339417.39
1155,  Elizabeth Eze ,Male,10,Procurement Officer,9/28/2016,Active,,Widowed,elizabeth.eze@abcorp.com,921707.78
1156,Jennifer Balogun,Female,3,Marketing Analyst,12/22/2022,Active,,Widowed,jennifer.balogun@abcorp.com,
1157,  SARAH DAVIS ,Male,1,HR Manager,6/19/2016,On Leave,,Widowed,sarah.davis@abcorp.com,615859.04
1158,  Uche Davis ,Male,8,Research Scientist,16-Nov-19,Active,,,uche.davis88@abcorp.com,433154.6
1159,Michelle Danjuma,Female,1,HR Officer,18-Feb-19,Active,,Widowed,michelle.danjuma@abcorp.com,654603.51
1160,Brian Chukwu,Female,5,Accountant,17-04-2015,Terminated,6/16/2017,Divorced,,943225.06
1161,Linda Young,Male,10,Supply Chain Analyst,12/24/2018,Active,,Married,linda.young@abcorp.com,
1162,Michelle Moore,Female,3,  Brand Executive ,6/5/2015,Active,,Married,MICHELLE.MOORE62@ABCORP.COM,884316.95
1163,Charles Allen,Male,9,Paralegal,25-10-2015,Terminated,5-Jun-22,,charles.allen@abcorp.com,276003.11
1164,KEMI ABUBAKAR,Male,7,Support Agent,3/23/2026,Active,,Married,kemi.abubakar90@abcorp.com,463281.14
1165,SUSAN ANDERSON,Male,6,Operations Analyst,1/9/2017,Active,,Married,susan.anderson@abcorp.com,686019.66
1166,James Brown,Female,8,  LAB TECHNICIAN ,16-Nov-12,Active,,Widowed,james.brown@abcorp.com,780984
1167,Aisha Miller,Male,6,Operations Manager,3/18/2019,Terminated,4-Nov-19,Single,aisha.miller@abcorp.com,713603.72
1168,Paul Ramirez,Female,5,FINANCE MANAGER,8/30/2017,Active,,Widowed,paul.ramirez@abcorp.com,438663.14
1169,Chiamaka Garcia,Female,2,Account Executive,23-Oct-20,Active,,Widowed,chiamaka.garcia83@abcorp.com,297904.98
1170,Linda Martinez,Male,2,ACCOUNT EXECUTIVE,21-Jan-26,On Leave,,,linda.martinez50@abcorp.com,484905.66
1171,John Thomas,Male,2,  Regional Sales Lead ,12/9/2016,Active,,Married,john.thomas@abcorp.com,498314.6
1172,Grace Jackson,Female,9,Paralegal,18-Feb-05,Active,,Single,grace.jackson@abcorp.com,485675.07
1173,Richard Ibrahim,Female,7,SUPPORT AGENT,4/19/2018,Active,,,richard.ibrahim36@abcorp.com,644595.59
1174,Obinna Okonkwo,Male,6,  Logistics Coordinator ,27-06-2018,On Leave,,Widowed,obinna.okonkwo@abcorp.com,332365.93
1175,George Balogun,Female,8,  INNOVATION LEAD ,3/12/2019,Terminated,10/13/2020,Divorced,george.balogun@abcorp.com,569428.97
1176,Ahmed Lewis,Male,5,Finance Manager,20-Mar-16,Active,,,ahmed.lewis@abcorp.com,541029.39
1177,Barbara Ibrahim,,7,Customer Service Rep,16-Oct-29,On Leave,,Married,barbara.ibrahim@abcorp.com,"NGN 365,266.86"
1178,  Mary Abubakar ,Female,10,Vendor Coordinator,12/22/2029,Terminated,18-Jul-23,Widowed,mary.abubakar@abcorp.com,391716.07
1179,KELECHI YUSUF,Male,8,Research Scientist,9/10/2018,Terminated,24-08-2021,Divorced,kelechi.yusuf@abcorp.com,300688.06
1180,Sarah Robinson,Male,8,Product Developer,17-Nov-28,Active,,Widowed,sarah.robinson@abcorp.com,802811.76
1181,Musa Okafor,Male,5,Financial Analyst,4/12/2020,Terminated,13/06/21,,musa.okafor88@abcorp.com,673547.72
1182,  Donna Davis ,Female,1,Training Coordinator,21-Jul-04,Active,,Widowed,donna.davis@abcorp.com,"NGN 455,335.38"
1183,Kenneth Martinez,Female,3,Marketing Analyst,20-06-2020,Terminated,28-12-2020,,,511642.58
1184,  ASHLEY WHITE ,Female,7,Client Relations Officer,20-May-09,Active,,Single,ashley.white@abcorp.com,863605.11
1185,  Zainab Rodriguez ,Male,7,Call Center Lead,8/8/2021,Active,,Single,zainab.rodriguez38@abcorp.com,566230.73
1186,Ngozi Afolabi,Male,4,IT Support Analyst,2/26/2023,Active,,,,553706.84
1187,Michael Sanchez,Male,1,HR Officer,9/26/2022,Active,,Widowed,michael.sanchez@abcorp.com,272501.68
1188,Sarah Danjuma,Male,9,Legal Assistant,27-04-2016,Active,,Single,sarah.danjuma@abcorp.com,815199.06
1189,Carol Adekunle,Male,1,  HR Officer ,7/14/2022,Active,,,carol.adekunle12@abcorp.com,210038.57
1190,Emeka Williams,Female,6,Logistics Coordinator,11/10/2019,Active,,Single,EMEKA.WILLIAMS@ABCORP.COM,260715.55
1191,Nneka Adeyemi,Male,7,client relations officer,13-02-2020,On Leave,,Widowed,nneka.adeyemi@abcorp.com,858899.11
1192,Carol Martin,Female,3,SEO Specialist,5/4/2019,Terminated,29/04/19,,carol.martin63@abcorp.com,
1193,Chidi Sanchez,,9,Legal Assistant,9/22/2020,Terminated,,Widowed,chidi.sanchez45@abcorp.com,663123.56
1194,Steven Anderson,Male,2,Regional Sales Lead,8/6/2018,Active,,Divorced,,328165.22
1195,Kimberly Chukwu,Male,8,Research Scientist,16-Feb-25,Active,,Single,kimberly.chukwu12@abcorp.com,920537
1196,Chidi Ogundipe,Female,9,LEGAL ASSISTANT,21-Sep-23,Terminated,7/9/2024,,chidi.ogundipe85@abcorp.com,423085.69
1197,Sarah Lewis,Female,2,Account Executive,11/7/2021,Active,,Single,sarah.lewis@abcorp.com,775136.32
1198,Kimberly Ogundipe,Male,8,Research Scientist,12/12/2020,Active,,,kimberly.ogundipe@abcorp.com,556666.32
1199,Bukola Thomas,Female,7,Call Center Lead,10/7/2022,Active,,Widowed,bukola.thomas@abcorp.com,256697.46
1200,Amina Eze,Male,10,Vendor Coordinator,13-09-2022,Terminated,29/09/22,,amina.eze70@abcorp.com,407905.12
1201,Anthony Ibrahim,Female,1,TRAINING COORDINATOR,3/12/2016,Active,,Married,,195283.82
1202,Yusuf Young,Male,6,Warehouse Supervisor,16-Feb-24,On Leave,,,yusuf.young@abcorp.com,599016.44
1203,Femi Jackson,Male,1,Recruiter,17-Apr-11,On Leave,,Widowed,femi.jackson@abcorp.com,668105.91
1204,ELIZABETH ADEYEMI,Male,9,Legal Counsel,3/26/2019,Active,,Divorced,elizabeth.adeyemi75@abcorp.com,154516.11
1205,MUSA ANDERSON,Female,2,Account Executive,11/22/2020,Active,,,,554112.28
1206,Amina Young,Female,9,legal counsel,4/16/2014,Active,,Widowed,amina.young@abcorp.com,
1207,Kelechi Johnson,Female,9,Legal Assistant,19-Dec-31,Active,,Divorced,KELECHI.JOHNSON66@ABCORP.COM,226765.14
1208,Mark Miller,Male,9,Contracts Manager,4/2/2022,Terminated,11/11/2022,Widowed,MARK.MILLER10@ABCORP.COM,785371.83
1209,Robert Uzoma,Male,9,Legal Counsel,12/3/2022,Terminated,10/5/2022,,,828600.99
1210,Chukwuemeka Afolabi,Male,8,R&D Engineer,12/25/2020,Active,,,chukwuemeka.afolabi@abcorp.com,918107.41
1211,charles davis,Male,1,Training Coordinator,21-Sep-09,Terminated,1/27/2024,Divorced,charles.davis@abcorp.com,319389.55
1212,michael young,Female,9,Legal Counsel,5/4/2018,Active,,Divorced,michael.young@abcorp.com,414680.75
1213,Zainab Ramirez,Male,10,Buyer,1/2/2019,Active,,Married,,346940.11
1214,  Donna Aliyu ,Female,5,PAYROLL OFFICER,3/9/2021,Active,,,donna.aliyu@abcorp.com,262001.33
1215,Patricia Lee,Female,10,  Purchasing Manager ,15-May-31,Active,,,patricia.lee@abcorp.com,268906.39
1216,Ahmed Thomas,Male,4,  IT Manager ,9/3/2022,On Leave,,,ahmed.thomas73@abcorp.com,677530.65
1217,Fatima Abubakar,Male,4,IT Manager,16-11-2023,Active,,Widowed,FATIMA.ABUBAKAR@ABCORP.COM,668819.8
1218,  Chukwuemeka Harris ,Female,6,PROCESS ENGINEER,4/30/2022,Terminated,31-May-23,Married,chukwuemeka.harris@abcorp.com,539489.25
1219,Amina Martinez,Male,3,Content Strategist,1/10/2021,On Leave,,Single,amina.martinez@abcorp.com,240670.96
1220,Chinedu Rodriguez,Male,10,Purchasing Manager,8/18/2015,Active,,Married,chinedu.rodriguez@abcorp.com,660098.17
1221,CAROL OKAFOR,Male,7,CALL CENTER LEAD,16-Aug-07,On Leave,,Married,carol.okafor@abcorp.com,698472.93
1222,Brian Clark,,3,SEO Specialist,1/30/2016,Active,,,brian.clark@abcorp.com,751906.52
1223,Ashley Taylor,Female,6,Operations Analyst,22-Oct-28,Active,,Married,ashley.taylor@abcorp.com,430414.25
1224,william ibrahim,Female,5,Accountant,1/15/2023,Terminated,11/8/2023,,william.ibrahim@abcorp.com,314334.96
1225,Ahmed Thompson,Female,7,Customer Success Manager,19-Aug-20,On Leave,,,ahmed.thompson@abcorp.com,353022.12
1226,Kimberly Ramirez,Male,2,  Sales Manager ,20-Sep-13,On Leave,,Divorced,kimberly.ramirez@abcorp.com,191642.24
1227,Aisha Abubakar,Female,2,Sales Associate,4/6/2015,Active,,Widowed,aisha.abubakar@abcorp.com,627978.05
1228,Kelechi Eze,Male,10,  Buyer ,10/20/2013,Active,,,kelechi.eze31@abcorp.com,930516.72
1229,david garcia,Female,9,Legal Assistant,26-11-2018,On Leave,,Divorced,david.garcia@abcorp.com,
1230,  Joseph Thomas ,Female,9,LEGAL ASSISTANT,10/17/2021,Active,,Widowed,joseph.thomas@abcorp.com,918990.98
1231,chidi clark,Male,6,Warehouse Supervisor,18-Dec-17,Terminated,,,chidi.clark12@abcorp.com,749030.51
1232,Tunde Anderson,,4,IT Support Analyst,12/23/2017,Active,,Married,tunde.anderson@abcorp.com,"NGN 773,150.78"
1233,CAROL OKONKWO,Female,8,Innovation Lead,18-Jan-30,Active,,,carol.okonkwo74@abcorp.com,570588.36
1234,Jessica Ramirez,Female,6,Operations Analyst,2/15/2018,Active,,Widowed,jessica.ramirez@abcorp.com,357760.62
1235,fatima okonkwo,Female,5,  Payroll Officer ,17-Jan-06,Active,,,fatima.okonkwo@abcorp.com,793270.06
1236,Sandra Anderson,Male,9,Legal Assistant,30-01-2023,On Leave,,Widowed,sandra.anderson@abcorp.com,"NGN 468,721.52"
1237,Ahmed Okonkwo,Female,6,  Operations Analyst ,8/14/2019,Active,,,ahmed.okonkwo74@abcorp.com,580750.6
1238,Kelechi Ogundipe,Male,3,Content Strategist,9/19/2024,Terminated,7/16/2023,Single,kelechi.ogundipe41@abcorp.com,718346.79
1239,Kimberly Danjuma,Male,3,Marketing Analyst,5/16/2027,Active,,,kimberly.danjuma@abcorp.com,"NGN 318,457.19"
1240,WILLIAM MILLER,Female,10,Purchasing Manager,12/12/2015,Active,,Divorced,william.miller@abcorp.com,251129.37
1241,Melissa Bello,Female,3,SEO Specialist,16-Dec-26,Terminated,13/02/21,,melissa.bello@abcorp.com,661622.6
1242,MUSA SMITH,Male,9,  Compliance Officer ,9/11/2018,Active,,,,887670.72
1243,Fatima Eze,Female,9,Contracts Manager,6/5/2019,Active,,,fatima.eze@abcorp.com,360384.22
1244,ANTHONY BELLO,Female,4,software engineer,1/17/2017,Active,,Single,anthony.bello@abcorp.com,"NGN 648,203.02"
1245,George Robinson,Male,4,SOFTWARE ENGINEER,9/9/2016,Active,,Married,george.robinson@abcorp.com,948370.76
1246,ELIZABETH MOORE,Female,3,Marketing Manager,17-Oct-21,On Leave,,Single,elizabeth.moore@abcorp.com,766980.27
1247,Steven Uzoma,Female,6,Operations Manager,1/22/2021,Active,,,steven.uzoma@abcorp.com,660816.01
1248,Ngozi Bello,Male,7,CUSTOMER SUCCESS MANAGER,2/6/2015,Terminated,15/10/23,Widowed,NGOZI.BELLO99@ABCORP.COM,276158.76
1249,anthony miller,Male,8,R&D Engineer,18-Jul-21,On Leave,,,anthony.miller@abcorp.com,304372.24
1250,Edward Eze,Male,9,Paralegal,8/18/2018,Active,,Divorced,edward.eze@abcorp.com,278274.73
1251,Amaka Johnson,Female,10,PURCHASING MANAGER,6/8/2018,Active,,,amaka.johnson@abcorp.com,696579.35
1252,Jennifer Rodriguez,Male,1,HR Manager,16-Mar-14,Active,,Single,,663401.33
1253,  Mary Balogun ,Female,2,Regional Sales Lead,12/23/2025,Active,,Divorced,mary.balogun@abcorp.com,445254.92
1254,Ronald Miller,Male,4,IT Manager,4/28/2019,Active,,,ronald.miller@abcorp.com,596738.78
1255,Susan Okafor,Male,9,Contracts Manager,29-08-2020,Terminated,19-Nov-20,,susan.okafor@abcorp.com,943170.39
1256,amina uzoma,,6,Warehouse Supervisor,20-Jan-07,Active,,,,
1257,FEMI JOHNSON,Female,9,Legal Assistant,21-Mar-28,Terminated,11/13/2021,Single,femi.johnson34@abcorp.com,615724.57
1258,Carol Adeyemi,Female,10,Procurement Officer,4/9/2021,Active,,Single,CAROL.ADEYEMI@ABCORP.COM,194738.17
1259,Mary White,Female,1,RECRUITER,11/17/2020,Active,,,mary.white@abcorp.com,272557.99
1260,daniel martinez,Male,6,Operations Analyst,20-May-03,Terminated,,,daniel.martinez65@abcorp.com,708296.41
1261,Amanda Nwosu,Male,2,Account Executive,23-Sep-17,Active,,,amanda.nwosu86@abcorp.com,442214.12
1262,George Thompson,Male,8,Research Scientist,8/14/2017,Terminated,3/12/2021,,george.thompson7@abcorp.com,646801.95
1263,  Uche Balogun ,Male,4,IT Manager,13-11-2020,Terminated,16-Sep-22,,uche.balogun@abcorp.com,451285.34
1264,Donna Harris,Male,2,REGIONAL SALES LEAD,28-05-2022,Terminated,1/8/2024,Single,donna.harris@abcorp.com,933834.28
1265,Kenneth Jackson,Male,1,HR Manager,8/12/2020,Active,,Widowed,kenneth.jackson45@abcorp.com,434302.51
1266,patricia jackson,Female,4,IT Support Analyst,18-Oct-31,Terminated,7/17/2019,,patricia.jackson@abcorp.com,650419.68
1267,yusuf harris,Male,10,Buyer,9/2/2022,On Leave,,Married,yusuf.harris@abcorp.com,258202
1268,  jessica adeyemi ,,3,Marketing Analyst,2/8/2023,Active,,Widowed,jessica.adeyemi@abcorp.com,659477.92
1269,ifeoma perez,Male,4,Software Engineer,1/11/2019,Terminated,5/6/2024,,ifeoma.perez@abcorp.com,297181.18
1270,Paul Abubakar,Male,4,Software Engineer,16-Dec-26,On Leave,,,paul.abubakar@abcorp.com,"NGN 347,427.07"
1271,  Anthony Taylor ,Male,9,Legal Counsel,20-Jan-24,On Leave,,Single,anthony.taylor69@abcorp.com,738136.07
1272,  Kelechi Ogundipe ,Male,7,Support Agent,11/16/2021,Terminated,11/25/2023,Widowed,kelechi.ogundipe@abcorp.com,240537.27
1273,Bisi Ogundipe,Male,5,  Finance Manager ,4/10/2022,Terminated,2/12/2022,,bisi.ogundipe58@abcorp.com,218245.24
1274,  Ngozi Adekunle ,Male,3,MARKETING MANAGER,2/1/2017,Active,,Widowed,ngozi.adekunle@abcorp.com,381024.43
1275,Michelle Moore,Male,10,SUPPLY CHAIN ANALYST,9/1/2017,Terminated,25-May-24,Widowed,MICHELLE.MOORE77@ABCORP.COM,855734.29
1276,Charles Williams,Female,6,OPERATIONS ANALYST,7/20/2015,Active,,Married,charles.williams85@abcorp.com,625975.19
1277,FATIMA UZOMA,Male,7,  Call Center Lead ,23-09-2015,Active,,Married,fatima.uzoma@abcorp.com,481006.33
1278,Kelechi Nnamdi,Female,5,auditor,21-Jun-13,Active,,Married,kelechi.nnamdi@abcorp.com,548192.89
1279,Jessica Walker,Male,10,SUPPLY CHAIN ANALYST,8/23/2019,Active,,Divorced,JESSICA.WALKER@ABCORP.COM,310949.71
1280,Nneka Afolabi,Male,3,Marketing Manager,15-09-2018,Terminated,17-May-23,Single,nneka.afolabi@abcorp.com,863646.66
1281,Femi Jackson,Male,4,IT Manager,8/9/2022,On Leave,,Divorced,,269443.92
1282,  Joseph Young ,Female,6,OPERATIONS ANALYST,18-Jan-17,Active,,Widowed,joseph.young@abcorp.com,392102.96
1283,Carol Thomas,Male,4,Data Analyst,3/6/2020,On Leave,,,carol.thomas@abcorp.com,228601.25
1284,Joseph Smith,Female,1,Training Coordinator,23-12-2015,Active,,Single,joseph.smith@abcorp.com,167984.21
1285,  Jessica Bello ,Male,3,Content Strategist,4/13/2016,Terminated,11-Apr-22,Single,jessica.bello@abcorp.com,263245.46
1286,Thomas Johnson,Female,1,HR Officer,4/21/2019,Active,,Widowed,thomas.johnson@abcorp.com,653576.55
1287,William Young,Female,10,Purchasing Manager,1/16/2016,Active,,Single,william.young@abcorp.com,522317.25
1288,Uche Chukwu,Female,8,  Research Scientist ,15-Sep-25,Active,,Divorced,uche.chukwu@abcorp.com,428892.35
1289,Musa Moore,Female,7,Call Center Lead,8/21/2019,Terminated,25-Sep-21,Married,musa.moore@abcorp.com,801132.56
1290,Elizabeth Walker,Female,2,  Sales Associate ,21-Sep-07,Active,,,elizabeth.walker@abcorp.com,474634.96
1291,Amina Rodriguez,Male,3,Marketing Manager,20-Jan-30,Active,,Widowed,amina.rodriguez@abcorp.com,851940.28
1292,Barbara Lee,Male,10,  Buyer ,7/14/2019,On Leave,,Divorced,,"NGN 870,860.56"
1293,ashley ramirez,Female,6,  warehouse supervisor ,19-Jul-22,Active,,,ashley.ramirez18@abcorp.com,457676.05
1294,Robert Martinez,Female,7,  Customer Success Manager ,12/13/2015,Terminated,15-Jan-24,Widowed,robert.martinez@abcorp.com,648598.79
1295,Michelle Robinson,Male,9,Paralegal,19-Aug-10,Terminated,2/12/2023,Single,michelle.robinson@abcorp.com,535226.33
1296,William Taylor,Male,4,Systems Administrator,1/22/2027,Terminated,9/6/2022,,william.taylor@abcorp.com,"NGN 872,868.22"
1297,CHIAMAKA IBRAHIM,Male,1,TRAINING COORDINATOR,28-05-2023,Terminated,31-07-2024,Single,chiamaka.ibrahim@abcorp.com,675055.91
1298,Ibrahim Rodriguez,Female,5,Finance Manager,2/15/2028,Active,,,ibrahim.rodriguez@abcorp.com,507322.53
1299,  William Martinez ,Male,8,Lab Technician,23-Aug-22,Active,,,william.martinez@abcorp.com,737488.89
1300,Anthony Abubakar,Female,7,Client Relations Officer,12/11/2017,Terminated,11/16/2021,Divorced,anthony.abubakar@abcorp.com,"NGN 919,410.18"
1301,obinna adekunle,Female,5,  Financial Analyst ,11/11/2017,Terminated,22-May-21,,obinna.adekunle@abcorp.com,305940.55
1302,  Richard Taylor ,Male,8,PRODUCT DEVELOPER,6/17/2017,Active,,Divorced,RICHARD.TAYLOR12@ABCORP.COM,625310.87
1303,Chukwuemeka Sanchez,Male,2,SALES MANAGER,3/11/2017,Active,,,chukwuemeka.sanchez@abcorp.com,371106.85
1304,Chukwuemeka Uzoma,Female,1,Recruiter,12/20/2017,Active,,Single,chukwuemeka.uzoma@abcorp.com,292753.74
1305,SUSAN WILLIAMS,Male,2,Sales Associate,28-02-2023,On Leave,,Widowed,,"NGN 548,161.10"
1306,James Thomas,Female,8,Lab Technician,7/19/2013,On Leave,,Single,james.thomas89@abcorp.com,535653.07
1307,Barbara Okonkwo,Female,2,REGIONAL SALES LEAD,12/7/2023,Terminated,7/27/2023,,,457330.94
1308,  Tunde Rodriguez ,Male,4,Software Engineer,23-Jan-27,Active,,Widowed,tunde.rodriguez@abcorp.com,549747.32
1309,  Nancy Davis ,Male,9,contracts manager,22-Aug-09,Active,,,NANCY.DAVIS@ABCORP.COM,263272.38
1310,Michael Yusuf,Male,8,innovation lead,16-Nov-30,Active,,Single,michael.yusuf@abcorp.com,200488.09
1311,  Melissa Rodriguez ,Female,4,Software Engineer,8/26/2021,Active,,Single,melissa.rodriguez54@abcorp.com,445941.87
1312,Chinedu Johnson,Female,2,Sales Representative,1/30/2015,Active,,,chinedu.johnson@abcorp.com,795929.44
1313,John Perez,Male,8,Innovation Lead,12/15/2027,On Leave,,Divorced,john.perez31@abcorp.com,939282.82
1314,Yusuf Bello,Male,4,  software engineer ,12/7/2023,Terminated,30-Apr-24,Married,YUSUF.BELLO@ABCORP.COM,441354.46
1315,Anthony Adeyemi,Male,1,HR Business Partner,10/10/2020,Active,,Married,anthony.adeyemi@abcorp.com,309001.12
1316,Chukwuemeka Abubakar,Male,8,INNOVATION LEAD,6/7/2020,Active,,Married,chukwuemeka.abubakar@abcorp.com,448788.07
1317,Adaeze Rodriguez,Male,8,Lab Technician,9/10/2019,On Leave,,Divorced,adaeze.rodriguez21@abcorp.com,660399.37
1318,  Amina Lee ,Female,8,PRODUCT DEVELOPER,1/3/2015,Active,,,amina.lee56@abcorp.com,863458.1
1319,Brian Williams,Female,9,CONTRACTS MANAGER,5/20/2017,On Leave,,Single,brian.williams72@abcorp.com,704527.87
1320,  Chinedu Lewis ,Female,10,  Buyer ,15-Apr-10,Active,,Married,chinedu.lewis@abcorp.com,446336.37
1321,  Mark Young ,Female,10,Buyer,6/14/2021,On Leave,,,mark.young@abcorp.com,193849.34
1322,Emeka Harris,Male,9,Compliance Officer,20-07-2016,Active,,,emeka.harris@abcorp.com,614095.51
1323,Adaeze Brown,Male,6,LOGISTICS COORDINATOR,20-Jan-28,Terminated,12/14/2022,Widowed,adaeze.brown@abcorp.com,383811.48
1324,Kenneth Garcia,Male,7,customer success manager,3/27/2018,Active,,Married,kenneth.garcia@abcorp.com,849994.51
1325,George Walker,Male,5,Accountant,9/15/2015,On Leave,,Married,george.walker@abcorp.com,612963.68
1326,thomas yusuf,Male,5,Accountant,6/6/2020,Active,,Single,thomas.yusuf22@abcorp.com,278631.91
1327,Joseph Williams,Female,10,PURCHASING MANAGER,11/12/2019,Active,,Married,joseph.williams@abcorp.com,932418.05
1328,Charles Ogundipe,Female,3,Marketing Analyst,23-Apr-13,Terminated,6/12/2023,,charles.ogundipe@abcorp.com,753329.32
1329,Carol Williams,Male,9,LEGAL COUNSEL,6/15/2018,Active,,,CAROL.WILLIAMS@ABCORP.COM,194026.91
1330,Kimberly Clark,Male,9,Contracts Manager,17-Mar-07,Active,,,kimberly.clark@abcorp.com,438851.9
1331,Barbara Balogun,Female,7,  Client Relations Officer ,3/28/2018,On Leave,,,barbara.balogun@abcorp.com,"NGN 261,654.15"
1332,Chukwuemeka Garcia,Male,7,Support Agent,8/25/2019,Terminated,7/3/2024,,chukwuemeka.garcia24@abcorp.com,381570.53
1333,JAMES MARTINEZ,Female,5,Payroll Officer,5/16/2023,Terminated,24-Mar-19,Married,james.martinez@abcorp.com,245483.73
1334,Steven Ramirez,Male,6,PROCESS ENGINEER,23-Mar-22,Active,,Divorced,steven.ramirez41@abcorp.com,"NGN 704,626.44"
1335,ELIZABETH THOMAS,Male,3,Marketing Analyst,9/18/2021,Terminated,23-10-2022,,elizabeth.thomas90@abcorp.com,226666.73
1336,chinedu miller,Male,3,SEO Specialist,6/24/2017,On Leave,,,chinedu.miller@abcorp.com,575676.52
1337,Carol Musa,Female,6,Operations Manager,19-Dec-16,Terminated,11/2/2022,,carol.musa@abcorp.com,252971.58
1338,Joseph Jones,Male,8,Lab Technician,6/24/2015,Active,,Single,JOSEPH.JONES@ABCORP.COM,"NGN 245,137.77"
1339,Bisi Adeyemi,Female,1,HR Officer,8/16/2019,Active,,,bisi.adeyemi65@abcorp.com,"NGN 640,365.14"
1340,Ngozi Young,Male,2,Sales Manager,8/20/2027,Active,,Divorced,ngozi.young87@abcorp.com,294678.83
1341,Joseph Taylor,Male,8,Product Developer,26-11-2022,Terminated,,Single,joseph.taylor37@abcorp.com,738939.54
1342,Steven Clark,Female,3,Marketing Analyst,22-Jul-24,Terminated,4-Aug-22,Widowed,steven.clark@abcorp.com,465849.17
1343,Bisi Perez,Female,2,Sales Manager,6/10/2019,Active,,Divorced,bisi.perez@abcorp.com,755042.35
1344,charles allen,Female,2,Sales Representative,17-Oct-23,Active,,Married,charles.allen13@abcorp.com,"NGN 814,249.97"
1345,Elizabeth Sanchez,Female,8,r&d engineer,4/18/2017,Active,,Widowed,elizabeth.sanchez@abcorp.com,
1346,Chukwuemeka Aliyu,Female,1,HR Officer,16-Dec-25,Terminated,27-09-2024,,chukwuemeka.aliyu@abcorp.com,461264.39
1347,Chinedu Thomas,Male,7,Support Agent,20-Jul-19,Active,,,chinedu.thomas@abcorp.com,199139.18
1348,  Chukwuemeka Miller ,Female,6,Logistics Coordinator,15-08-2019,Active,,,chukwuemeka.miller40@abcorp.com,878311.21
1349,Emily Danjuma,Female,1,hr business partner,8/5/2021,Active,,Widowed,EMILY.DANJUMA@ABCORP.COM,540686.89
1350,Ashley Eze,Female,2,Sales Associate,26-05-2017,Active,,Single,ashley.eze@abcorp.com,649657.83
1351,Mark Balogun,Female,2,account executive,29-08-2020,Active,,,mark.balogun52@abcorp.com,562295.39
1352,Donna Bello,Female,10,Procurement Officer,11/9/2020,Active,,Widowed,donna.bello88@abcorp.com,825297.6
1353,CHINEDU OKORO,Male,7,Customer Success Manager,4/10/2016,Active,,Single,chinedu.okoro@abcorp.com,597860.01
1354,Emeka Harris,Male,8,Research Scientist,8/15/2015,Active,,,emeka.harris53@abcorp.com,687337.66
1355,jessica taylor,Female,8,Research Scientist,17-Sep-02,Active,,Divorced,jessica.taylor@abcorp.com,748699.38
1356,Linda Anderson,Female,2,Account Executive,21-Feb-13,Active,,,linda.anderson19@abcorp.com,"NGN 722,536.98"
1357,Segun Okoro,Female,5,Finance Manager,9/7/2022,Terminated,30-Apr-23,Widowed,,918598.37
1358,Chinedu Aliyu,Female,7,Customer Service Rep,1/27/2018,On Leave,,Widowed,chinedu.aliyu@abcorp.com,723908.81
1359,Bukola Ogundipe,Male,1,HR Manager,22-Jan-25,On Leave,,,bukola.ogundipe@abcorp.com,400977.44
1360,Paul Chukwu,Female,8,R&D Engineer,12/3/2017,Terminated,27-08-2023,Divorced,paul.chukwu@abcorp.com,851112.01
1361,Barbara Ogundipe,Male,5,Accountant,15-Jul-23,Terminated,23-Oct-19,Divorced,barbara.ogundipe@abcorp.com,
1362,Chidi Lewis,Male,4,Data Analyst,3/18/2025,Active,,Widowed,chidi.lewis@abcorp.com,946165.96
1363,  Kimberly Nwosu ,Female,10,SUPPLY CHAIN ANALYST,12/18/2015,Active,,Married,kimberly.nwosu@abcorp.com,319774.13
1364,steven musa,Male,1,Recruiter,20-Aug-28,Active,,Divorced,steven.musa@abcorp.com,
1365,Barbara Chukwu,Female,3,Content Strategist,23-04-2016,Active,,Married,barbara.chukwu@abcorp.com,438473.77
1366,Ngozi Chukwu,Female,3,SEO Specialist,5/22/2016,On Leave,,Widowed,,"NGN 268,896.65"
1367,Jennifer Aliyu,Female,9,Contracts Manager,20-Feb-18,Active,,,jennifer.aliyu12@abcorp.com,377293.16
1368,  James Taylor ,Male,7,Customer Service Rep,17-Oct-05,Terminated,22-01-2018,Single,james.taylor@abcorp.com,448846.65
1369,Obinna Perez,Male,6,Operations Analyst,22-May-11,Active,,Divorced,obinna.perez@abcorp.com,787626.77
1370,Chukwuemeka Garcia,Female,5,Accountant,17-Sep-10,Active,,Single,chukwuemeka.garcia52@abcorp.com,752046.85
1371,Thomas Musa,Male,6,Process Engineer,17-Mar-29,Active,,Widowed,thomas.musa@abcorp.com,755192.51
1372,Chidi Harris,Male,8,  INNOVATION LEAD ,1/22/2022,Terminated,21-06-2022,Widowed,chidi.harris@abcorp.com,268885.23
1373,Jennifer Thomas,Male,9,  Contracts Manager ,8/19/2019,Active,,,jennifer.thomas@abcorp.com,"NGN 618,454.31"
1374,SANDRA LEWIS,Female,6,Process Engineer,23-Feb-13,On Leave,,,sandra.lewis@abcorp.com,884489.54
1375,Robert Smith,Female,2,Sales Representative,4/12/2016,Active,,Widowed,robert.smith@abcorp.com,631509.95
1376,Musa Garcia,Male,3,Marketing Analyst,2/20/2017,On Leave,,Single,musa.garcia4@abcorp.com,668898.58
1377,Steven Nnamdi,Male,2,sales manager,9/16/2016,Terminated,28-Dec-20,Widowed,,509613.02
1378,Ashley Danjuma,Female,10,Buyer,23-Mar-14,Active,,Single,ashley.danjuma@abcorp.com,639196.23
1379,David Bello,Female,8,Research Scientist,20-Jul-19,Terminated,11-Dec-21,,david.bello93@abcorp.com,425077.91
1380,Thomas Ibrahim,Female,7,Support Agent,23-Dec-05,On Leave,,Married,THOMAS.IBRAHIM96@ABCORP.COM,536311.81
1381,michael johnson,Female,5,Finance Manager,8/4/2022,Active,,,,200932.47
1382,Jennifer Allen,Female,3,SEO Specialist,11/10/2021,Active,,,,907014.18
1383,susan jackson,Male,9,legal counsel,11/16/2015,Active,,Married,susan.jackson38@abcorp.com,759571.75
1384,Sandra Allen,Male,4,Systems Administrator,30-10-2018,Terminated,12/3/2019,Divorced,sandra.allen@abcorp.com,681996.2
1385,Kenneth Taylor,Female,1,HR Business Partner,8/19/2016,Terminated,10/20/2021,Single,kenneth.taylor@abcorp.com,"NGN 497,257.82"
1386,Ronald Ibrahim,Female,7,Call Center Lead,5/18/2031,Terminated,8/7/2021,Single,ronald.ibrahim@abcorp.com,267489.45
1387,Nancy Allen,Male,5,  financial analyst ,15-Jun-01,Active,,Widowed,nancy.allen@abcorp.com,"NGN 943,539.18"
1388,Melissa Lee,Female,4,Data Analyst,23-Feb-23,Terminated,24/04/23,Single,melissa.lee65@abcorp.com,188186.3
1389,Anthony Perez,Male,6,Logistics Coordinator,11/3/2018,On Leave,,,anthony.perez49@abcorp.com,348106.67
1390,William Garcia,Male,7,Customer Success Manager,5/4/2020,Active,,Single,william.garcia@abcorp.com,565156
1391,sandra okafor,Male,9,compliance officer,8/6/2020,Active,,Married,sandra.okafor@abcorp.com,"NGN 705,576.56"
1392,  Joseph Davis ,Female,10,Vendor Coordinator,15-Jun-14,Active,,Single,joseph.davis@abcorp.com,538740.43
1393,Edward Smith,Male,9,Paralegal,10/4/2015,Active,,Widowed,edward.smith@abcorp.com,775079.48
1394,Kimberly Martinez,Female,2,Sales Associate,22-Jun-14,Active,,Widowed,kimberly.martinez@abcorp.com,916463.59
1395,Zainab Jackson,Male,9,Legal Counsel,17-Feb-27,Terminated,6/21/2023,,zainab.jackson@abcorp.com,164931.26
1396,GEORGE GARCIA,Female,7,  Call Center Lead ,15-Jul-04,On Leave,,Single,george.garcia4@abcorp.com,403905.95
1397,Zainab Danjuma,Male,1,training coordinator,8/25/2018,Active,,,,461951.77
1398,Segun Anderson,Female,2,Account Executive,6/9/2015,Active,,,segun.anderson@abcorp.com,336992.36
1399,  Musa Martin ,Female,8,Research Scientist,22-Feb-17,Active,,Married,musa.martin@abcorp.com,580028.5
1400,Ngozi Smith,Male,8,Product Developer,14-09-2021,On Leave,,,ngozi.smith@abcorp.com,"NGN 618,127.33"
1401,Sarah Robinson,Female,7,Customer Success Manager,21-Nov-05,On Leave,,Divorced,sarah.robinson@abcorp.com,933712.28
1402,  SARAH HARRIS ,Male,10,Supply Chain Analyst,1/18/2015,Terminated,11-Dec-16,,sarah.harris@abcorp.com,580505.16
1403,Kemi Uzoma,Female,7,CUSTOMER SUCCESS MANAGER,12/8/2023,Active,,Single,kemi.uzoma@abcorp.com,
1404,Musa Lewis,Male,4,Systems Administrator,1/26/2019,Active,,Widowed,musa.lewis@abcorp.com,306869.44
1405,Emeka Jones,Male,2,Sales Manager,17-Nov-29,On Leave,,Married,emeka.jones@abcorp.com,
1406,James Nnamdi,Male,6,Warehouse Supervisor,25-07-2019,Active,,,james.nnamdi@abcorp.com,"NGN 184,771.74"
1407,Patricia Walker,Male,7,customer service rep,10/20/2017,Active,,Divorced,PATRICIA.WALKER@ABCORP.COM,533973.14
1408,  Nneka Brown ,Female,9,COMPLIANCE OFFICER,15-Oct-26,Terminated,12/2/2019,,nneka.brown8@abcorp.com,451916.11
1409,Ashley Jones,Male,1,Training Coordinator,2/8/2015,On Leave,,Widowed,ashley.jones@abcorp.com,841666.2
1410,Patricia Ogundipe,Female,10,purchasing manager,3/18/2016,Active,,,patricia.ogundipe@abcorp.com,873495.99
1411,JENNIFER BROWN,Male,5,AUDITOR,19-Nov-21,Terminated,5/1/2023,,jennifer.brown@abcorp.com,396939.53
1412,Michael Nnamdi,Female,4,IT Support Analyst,3/8/2022,On Leave,,Single,michael.nnamdi@abcorp.com,935538.6
1413,Kenneth Williams,,4,SOFTWARE ENGINEER,3/1/2022,Terminated,17-Apr-23,,kenneth.williams@abcorp.com,801722.14
1414,Joseph Martinez,Female,8,R&D Engineer,22-Jan-29,On Leave,,Divorced,,173748.46
1415,Robert Adeyemi,Female,2,Sales Representative,8/6/2022,Active,,,robert.adeyemi27@abcorp.com,342119.95
1416,David Davis,Male,3,Marketing Manager,17-Feb-24,Active,,,david.davis@abcorp.com,
1417,Michael White,Female,3,SEO Specialist,21-Jul-20,Active,,,michael.white@abcorp.com,201898.43
1418,Fatima Taylor,Female,8,Lab Technician,18-Jan-04,Active,,,FATIMA.TAYLOR@ABCORP.COM,325621.03
1419,Fatima Okoro,Male,3,  Marketing Analyst ,18-Apr-23,Terminated,12/11/2021,,,559809.67
1420,GEORGE ABUBAKAR,Female,2,Account Executive,4/12/2015,On Leave,,,george.abubakar@abcorp.com,"NGN 891,284.74"
1421,Adaeze Eze,Male,9,Paralegal,4/2/2015,Active,,Divorced,adaeze.eze@abcorp.com,613963.02
1422,Yusuf Wilson,Male,9,Legal Assistant,23-Oct-25,On Leave,,Widowed,yusuf.wilson@abcorp.com,400459.87
1423,Thomas Yusuf,Male,8,Product Developer,10/23/2018,Active,,Widowed,thomas.yusuf@abcorp.com,"NGN 580,083.21"
1424,  Daniel Uzoma ,Male,7,Customer Service Rep,20-Dec-29,Active,,Widowed,daniel.uzoma@abcorp.com,865795.04
1425,David Uzoma,Female,4,IT Support Analyst,7/4/2018,Terminated,14-Oct-18,Single,david.uzoma42@abcorp.com,478688.99
1426,Thomas Balogun,Female,7,Client Relations Officer,16-Oct-12,Terminated,25-Jun-19,Married,thomas.balogun@abcorp.com,"NGN 155,954.65"
1427,kenneth ogundipe,Male,2,Account Executive,22-Apr-01,Active,,,kenneth.ogundipe@abcorp.com,808743.68
1428,  Richard Afolabi ,Male,4,IT Support Analyst,1/18/2026,Terminated,10/4/2021,Single,richard.afolabi@abcorp.com,544790.06
1429,KIMBERLY OKAFOR,Female,4,it manager,15-Jul-02,Active,,Single,kimberly.okafor@abcorp.com,424926.17
1430,donna anderson,Female,2,  Sales Representative ,2/21/2024,Active,,,donna.anderson36@abcorp.com,
1431,Mary Clark,Female,3,Brand Executive,1/6/2019,Active,,,,690035.3
1432,Grace Ramirez,Female,8,Research Scientist,9/16/2021,Active,,Widowed,grace.ramirez@abcorp.com,340832.26
1433,  Richard Sanchez ,Male,3,MARKETING ANALYST,19-Aug-30,Active,,Divorced,richard.sanchez@abcorp.com,897461.89
1434,  Mary Uzoma ,Male,8,R&D Engineer,9/15/2028,On Leave,,Divorced,MARY.UZOMA@ABCORP.COM,324848.68
1435,Ngozi Okoro,Male,10,VENDOR COORDINATOR,1/22/2028,Active,,,ngozi.okoro@abcorp.com,290264.84
1436,KIMBERLY UZOMA,Male,9,legal assistant,11/26/2022,Active,,Single,kimberly.uzoma@abcorp.com,740330.63
1437,JOHN NWOSU,Female,6,Operations Manager,13-02-2018,Terminated,12-Jun-18,Widowed,john.nwosu4@abcorp.com,736298.5
1438,  Chidi Perez ,Female,9,Paralegal,17-Jan-21,Terminated,1/25/2017,Widowed,,303972.36
1439,Segun Thomas,Male,7,Client Relations Officer,6/29/2018,Terminated,3/20/2020,Widowed,segun.thomas37@abcorp.com,924180.65
1440,Mark Thomas,Female,3,  Brand Executive ,15-Mar-23,Active,,Single,mark.thomas@abcorp.com,272238.97
1441,Sarah Lewis,Female,4,IT SUPPORT ANALYST,2/15/2017,Active,,,sarah.lewis@abcorp.com,482656.13
1442,Jessica Uzoma,Male,4,Systems Administrator,11/11/2017,Active,,,jessica.uzoma@abcorp.com,196163.69
1443,Patricia Ramirez,Male,5,  Auditor ,9/2/2020,Active,,Divorced,patricia.ramirez@abcorp.com,"NGN 279,141.93"
1444,Tunde Nnamdi,Male,7,Support Agent,4/10/2022,Terminated,27/12/24,Widowed,tunde.nnamdi@abcorp.com,889456.47
1445,  daniel ramirez ,Female,1,HR Manager,7/7/2020,Active,,Single,daniel.ramirez@abcorp.com,380672.21
1446,  amina adeyemi ,,1,HR Manager,7/7/2023,Active,,Widowed,amina.adeyemi@abcorp.com,"NGN 659,146.91"
1447,Richard Smith,Male,5,Financial Analyst,22-Jun-18,On Leave,,Single,RICHARD.SMITH@ABCORP.COM,632387.9
1448,  Nneka Chukwu ,Male,6,Warehouse Supervisor,19-Mar-31,Active,,Divorced,NNEKA.CHUKWU@ABCORP.COM,846433.21
1449,Folake Okonkwo,Female,10,Supply Chain Analyst,20-Oct-10,Terminated,1/19/2021,,FOLAKE.OKONKWO@ABCORP.COM,
1450,  William Musa ,Female,8,Research Scientist,23-Mar-27,Active,,,william.musa67@abcorp.com,"NGN 777,889.55"
1451,donna okafor,Female,2,Regional Sales Lead,22-Jun-07,Active,,Married,donna.okafor@abcorp.com,221545.45
1452,Ibrahim Sanchez,Female,2,Sales Manager,12/20/2029,Terminated,10/4/2022,,ibrahim.sanchez74@abcorp.com,630543.54
1453,Ashley Abubakar,Male,5,Financial Analyst,4/6/2018,Active,,Single,ashley.abubakar@abcorp.com,903606.14
1454,tunde uzoma,Female,6,Logistics Coordinator,11/12/2023,On Leave,,Married,tunde.uzoma@abcorp.com,466249.91
1455,Kelechi Martinez,Male,10,Vendor Coordinator,18-Jun-19,Terminated,21-05-2019,,kelechi.martinez@abcorp.com,"NGN 383,196.08"
1456,Chidi Ramirez,Male,3,Brand Executive,23-Feb-27,Active,,,chidi.ramirez3@abcorp.com,419928.12
1457,  Tunde Ramirez ,Female,2,Sales Manager,18-Aug-17,On Leave,,Single,tunde.ramirez@abcorp.com,280955.57
1458,Mary Okonkwo,Male,3,  Brand Executive ,10/19/2016,On Leave,,Married,mary.okonkwo61@abcorp.com,191977.69
1459,  Segun Afolabi ,Female,5,Auditor,7/12/2016,Terminated,17/03/20,,segun.afolabi@abcorp.com,670248.75
1460,  Emily Abubakar ,Male,10,Buyer,21-Jun-03,Active,,,emily.abubakar@abcorp.com,537353.18
1461,Amaka Afolabi,Male,7,Call Center Lead,21-Jan-06,Active,,Single,amaka.afolabi@abcorp.com,782054.15
1462,kimberly chukwu,Male,1,  HR Manager ,6/13/2021,Terminated,11/27/2021,,KIMBERLY.CHUKWU@ABCORP.COM,249773.7
1463,  RONALD IBRAHIM ,Female,3,SEO Specialist,1/7/2020,Active,,,ronald.ibrahim@abcorp.com,558472.28
1464,Sarah Perez,Male,10,VENDOR COORDINATOR,2/10/2018,Terminated,23-Dec-24,Single,sarah.perez84@abcorp.com,470047.5
1465,Tunde Lewis,Female,10,  Buyer ,10/13/2021,Active,,Married,tunde.lewis@abcorp.com,921214.16
1466,Uche Allen,Female,3,Marketing Manager,1/25/2018,Active,,Widowed,uche.allen14@abcorp.com,248802.79
1467,Kelechi Jackson,Female,10,Procurement Officer,7/16/2015,Active,,Widowed,kelechi.jackson@abcorp.com,780997.92
1468,Thomas Martinez,Female,10,Vendor Coordinator,5/8/2015,Terminated,25/02/19,Married,thomas.martinez@abcorp.com,501168.01
1469,Ifeoma Yusuf,Male,5,Payroll Officer,23-08-2023,On Leave,,Single,ifeoma.yusuf31@abcorp.com,282090.5
1470,Emily Robinson,Male,8,Lab Technician,10/10/2020,Terminated,23-Dec-24,,emily.robinson25@abcorp.com,746733.81
1471,Amanda Clark,Male,10,Supply Chain Analyst,11/16/2021,On Leave,,,amanda.clark47@abcorp.com,560947.59
1472,Melissa Allen,Male,5,Finance Manager,1/6/2020,Active,,Married,,654941.16
1473,Edward Brown,Female,1,Training Coordinator,29-02-2020,Active,,Divorced,edward.brown@abcorp.com,
1474,  Edward Smith ,Male,5,ACCOUNTANT,20-Apr-11,Active,,Divorced,edward.smith@abcorp.com,365585.34
1475,Bisi Davis,Male,5,Financial Analyst,16-Jul-01,Active,,,bisi.davis86@abcorp.com,533435.99
1476,Nancy Thomas,Female,3,Marketing Analyst,3/17/2016,Active,,Married,nancy.thomas88@abcorp.com,692648.25
1477,Folake Thompson,Male,9,compliance officer,18-10-2017,On Leave,,Single,folake.thompson@abcorp.com,806487.53
1478,Karen Abubakar,Male,3,Brand Executive,7/6/2015,Active,,Married,KAREN.ABUBAKAR@ABCORP.COM,190764.29
1479,  Michael Yusuf ,Male,5,Finance Manager,23-02-2018,Terminated,9/9/2022,Divorced,MICHAEL.YUSUF1@ABCORP.COM,745803.76
1480,Musa Davis,Male,1,training coordinator,8/22/2023,Active,,Divorced,musa.davis@abcorp.com,573089.65
1481,jessica williams,Male,4,Systems Administrator,2/9/2016,Terminated,10/12/2022,Divorced,jessica.williams@abcorp.com,
1482,TAYO OKONKWO,Female,2,Regional Sales Lead,15-Oct-05,Active,,,TAYO.OKONKWO@ABCORP.COM,629322.93
1483,Daniel Anderson,Male,3,Brand Executive,23-Jun-02,Active,,,daniel.anderson@abcorp.com,297253.07
1484,amanda okoro,Female,4,Data Analyst,11/12/2022,Terminated,,Married,amanda.okoro@abcorp.com,661692.27
1485,  Yusuf Moore ,Male,1,Recruiter,22-Feb-04,Active,,Divorced,yusuf.moore@abcorp.com,727663.67
1486,Adaeze Adeyemi,Female,1,Training Coordinator,22-May-16,Active,,,adaeze.adeyemi@abcorp.com,846020.63
1487,daniel martinez,Female,4,Systems Administrator,2/18/2019,Active,,Single,daniel.martinez@abcorp.com,290888.44
1488,Tunde Jones,Male,2,REGIONAL SALES LEAD,17-Oct-01,Terminated,7/7/2021,,tunde.jones@abcorp.com,"NGN 632,634.81"
1489,William Bello,Male,10,Procurement Officer,11/20/2023,On Leave,,Single,william.bello@abcorp.com,217972.15
1490,  Melissa Ramirez ,Female,9,Legal Counsel,3/28/2015,Active,,,melissa.ramirez@abcorp.com,"NGN 263,468.02"
1491,Grace Clark,Male,8,R&D Engineer,3/27/2016,Active,,Divorced,grace.clark@abcorp.com,888655.69
1492,  Karen Sanchez ,Female,10,Vendor Coordinator,11/27/2018,Active,,Widowed,karen.sanchez@abcorp.com,"NGN 719,045.35"
1493,Carol Jones,Male,10,Supply Chain Analyst,24-02-2023,Active,,Single,carol.jones99@abcorp.com,405452.62
1494,Folake Uzoma,Female,9,CONTRACTS MANAGER,21-Jan-15,Active,,,folake.uzoma11@abcorp.com,487472.61
1495,  ROBERT OKONKWO ,Female,3,Marketing Analyst,2/9/2015,Active,,Married,robert.okonkwo71@abcorp.com,880363.13
1496,Patricia Ramirez,Female,6,operations analyst,11/12/2022,Terminated,,Widowed,PATRICIA.RAMIREZ@ABCORP.COM,"NGN 442,195.37"
1497,amanda ramirez,Female,8,Lab Technician,7/2/2023,Active,,,AMANDA.RAMIREZ20@ABCORP.COM,663963.43
1498,Aisha Martin,Female,4,SYSTEMS ADMINISTRATOR,4/10/2016,Active,,,aisha.martin@abcorp.com,470321.94
1499,carol chukwu,,7,Customer Success Manager,12/8/2015,Terminated,10/4/2019,Divorced,carol.chukwu78@abcorp.com,418377.33
1500,Bisi White,Male,4,Data Analyst,15-Dec-15,Terminated,,,BISI.WHITE@ABCORP.COM,224568.75
1501,kemi rodriguez,Male,6,Warehouse Supervisor,23-Apr-25,Active,,,kemi.rodriguez76@abcorp.com,"NGN 531,562.43"
1502,Ifeoma Balogun,Male,3,  SEO Specialist ,10/20/2015,Terminated,27-Aug-23,Divorced,ifeoma.balogun38@abcorp.com,834762.04
1503,KAREN MARTIN,Female,2,Sales Representative,7/8/2016,Terminated,12/10/2024,Widowed,karen.martin@abcorp.com,279177.99
1504,Ibrahim Young,Female,3,Marketing Analyst,21-May-18,Active,,Divorced,ibrahim.young@abcorp.com,883712.09
1505,Aisha Clark,Male,10,Procurement Officer,4/24/2023,Terminated,7/28/2024,Married,aisha.clark21@abcorp.com,833063.35
1506,  Susan Garcia ,Male,2,Regional Sales Lead,23-Aug-13,Active,,Widowed,susan.garcia@abcorp.com,539036.01
1507,  Femi Martin ,Male,10,Supply Chain Analyst,13-09-2015,On Leave,,Widowed,femi.martin28@abcorp.com,912116.01
1508,kimberly danjuma,Male,5,Accountant,8/9/2015,Active,,Divorced,kimberly.danjuma26@abcorp.com,485280.86
1509,  Mary Jackson ,Male,2,sales associate,11/30/2021,Active,,,mary.jackson@abcorp.com,739375.43
1510,Paul Okoro,Male,8,R&D ENGINEER,22-Feb-11,Terminated,7/19/2022,Married,paul.okoro90@abcorp.com,282880.82
1511,Robert Yusuf,Female,9,legal counsel,22-Nov-04,Terminated,22-Jul-24,Widowed,robert.yusuf@abcorp.com,929256.13
1512,Kelechi Sanchez,Female,5,Auditor,2/11/2016,On Leave,,Single,kelechi.sanchez53@abcorp.com,749954.94
1513,Amina Abubakar,Female,9,Contracts Manager,4/13/2016,On Leave,,Widowed,amina.abubakar@abcorp.com,521157.7
1514,Obinna Sanchez,Female,5,payroll officer,7/20/2022,Active,,Widowed,,170997.45
1515,Ashley Nwosu,Female,4,IT MANAGER,22-Mar-24,On Leave,,Single,ashley.nwosu@abcorp.com,659018.79
1516,Brian Davis,Female,5,Auditor,13-10-2016,Active,,Single,brian.davis@abcorp.com,
1517,Thomas Ogundipe,Female,3,marketing manager,4/26/2022,Active,,Married,thomas.ogundipe49@abcorp.com,677406.16
1518,Jessica Miller,Male,5,Finance Manager,1/9/2017,Active,,Widowed,jessica.miller@abcorp.com,230537.38
1519,Kimberly Okafor,Male,5,Financial Analyst,1/1/2017,Terminated,30-Jan-24,Single,kimberly.okafor@abcorp.com,"NGN 945,932.84"
1520,Ronald Thomas,Male,4,Data Analyst,4/15/2016,Active,,Divorced,ronald.thomas89@abcorp.com,364072.43
1521,Emily Afolabi,Male,5,Accountant,3/17/2021,On Leave,,,emily.afolabi@abcorp.com,763159.09
1522,Femi Thompson,Male,10,Supply Chain Analyst,10/25/2019,Terminated,16-12-2022,,femi.thompson@abcorp.com,916477.95
1523,Joseph Adeyemi,Female,7,Customer Success Manager,1/5/2019,Active,,Married,joseph.adeyemi@abcorp.com,"NGN 247,842.88"
1524,Grace Ibrahim,Male,9,compliance officer,16-Feb-26,Active,,,grace.ibrahim@abcorp.com,209859.36
1525,Michelle Williams,Female,7,Customer Service Rep,16-May-23,Active,,,michelle.williams@abcorp.com,378029.53
1526,ANTHONY TAYLOR,Male,6,Operations Analyst,15-Oct-12,Active,,Widowed,anthony.taylor97@abcorp.com,213813.77
1527,Jessica Okonkwo,Male,1,HR MANAGER,7/15/2015,Active,,Single,jessica.okonkwo@abcorp.com,331073.01
1528,michael okoro,Male,2,Sales Representative,5/31/2018,Active,,Divorced,michael.okoro@abcorp.com,708931.86
1529,PAUL WHITE,Female,2,Sales Associate,12/1/2020,Terminated,5/9/2022,Widowed,paul.white@abcorp.com,330664.41
1530,Yusuf Ramirez,Male,2,Regional Sales Lead,9/4/2015,Active,,,yusuf.ramirez@abcorp.com,233627.77
1531,Karen Thomas,Male,3,Marketing Manager,19-Jan-29,Active,,,karen.thomas@abcorp.com,372270.75
1532,  Segun Johnson ,Female,3,CONTENT STRATEGIST,15-Apr-28,Terminated,14-Dec-20,Divorced,SEGUN.JOHNSON@ABCORP.COM,495178.91
1533,mark eze,Female,4,Systems Administrator,16-Dec-24,Active,,,mark.eze@abcorp.com,189897.16
1534,ADAEZE ABUBAKAR,Female,7,Client Relations Officer,2/19/2016,Terminated,4/10/2023,Widowed,adaeze.abubakar@abcorp.com,380394.04
1535,segun okafor,,2,Sales Manager,6/2/2017,Active,,Married,segun.okafor@abcorp.com,166661.48
1536,James Anderson,Male,8,Research Scientist,7/5/2015,Terminated,17-08-2022,Married,james.anderson19@abcorp.com,229993.97
1537,  Kenneth Smith ,Female,5,Finance Manager,10/20/2022,On Leave,,,kenneth.smith67@abcorp.com,166581.82
1538,Ashley Okonkwo,Male,2,Sales Manager,3/19/2028,Active,,Divorced,ashley.okonkwo@abcorp.com,509415.48
1539,ADAEZE YUSUF,Male,1,Training Coordinator,10/20/2031,Active,,,adaeze.yusuf@abcorp.com,784020.45
1540,CHIAMAKA THOMPSON,Male,5,  Payroll Officer ,3/26/2018,On Leave,,Divorced,,182762.48
1541,Ibrahim Rodriguez,Female,5,Auditor,22-Jun-18,Active,,Single,ibrahim.rodriguez94@abcorp.com,618179.87
1542,richard okoro,Female,10,Vendor Coordinator,16-Dec-10,Active,,,richard.okoro@abcorp.com,764128.29
1543,Amaka Uzoma,Female,2,Sales Manager,20-Nov-26,Terminated,3-Oct-21,,amaka.uzoma@abcorp.com,"NGN 486,404.53"
1544,  Musa Nwosu ,Female,3,SEO Specialist,21-Feb-03,Active,,Single,musa.nwosu@abcorp.com,154762.28
1545,Uche Perez,Male,5,Auditor,5/20/2026,Active,,Single,uche.perez@abcorp.com,723561.1
1546,  Karen Yusuf ,,1,HR Business Partner,12/21/2029,Active,,Single,,272417.67
1547,Jessica Yusuf,Female,8,R&D Engineer,17-Aug-20,Active,,,jessica.yusuf@abcorp.com,495882.96
1548,  Steven Wilson ,Female,5,  Financial Analyst ,21-Aug-08,Active,,,steven.wilson@abcorp.com,521170.96
1549,  George Williams ,Female,3,Brand Executive,23-Feb-09,Active,,Single,george.williams@abcorp.com,552564.5
1550,Nneka Ogundipe,Male,5,Finance Manager,6/2/2019,On Leave,,,nneka.ogundipe@abcorp.com,294299.63
1551,Nancy Jones,Male,1,HR Manager,8/7/2017,Terminated,12-Mar-18,,nancy.jones@abcorp.com,796844.39
1552,David Brown,Female,2,Sales Representative,5/30/2023,Active,,Divorced,david.brown@abcorp.com,406927.37
1553,  kelechi abubakar ,Male,3,Brand Executive,12/4/2020,Active,,,,"NGN 917,865.87"
1554,  Nneka Adeyemi ,Female,4,it support analyst,21-May-25,Terminated,23-12-2022,,nneka.adeyemi@abcorp.com,501102.45
1555,Michael Perez,Female,1,HR Manager,2/4/2018,Active,,,michael.perez@abcorp.com,380455.2
1556,Joseph Lee,Female,5,Financial Analyst,13-05-2015,Active,,Divorced,JOSEPH.LEE@ABCORP.COM,313386.65
1557,John Musa,Male,7,  Call Center Lead ,23-Apr-17,Active,,,JOHN.MUSA93@ABCORP.COM,178480.07
1558,  linda johnson ,Male,9,Legal Assistant,3/4/2019,Terminated,,,linda.johnson@abcorp.com,250189.91
1559,Nneka Nnamdi,Male,4,  IT SUPPORT ANALYST ,16-Jan-12,Active,,Married,nneka.nnamdi@abcorp.com,
1560,George Adeyemi,Female,1,Recruiter,18-Dec-03,Terminated,27-09-2020,Married,george.adeyemi@abcorp.com,211443.07
1561,Musa Okonkwo,Female,4,IT Manager,31-12-2017,Terminated,27-Jan-23,Single,,870340.3
1562,Yusuf Davis,Female,3,Marketing Analyst,8/17/2020,Active,,,YUSUF.DAVIS@ABCORP.COM,819060.16
1563,Robert Uzoma,Female,8,Research Scientist,7/8/2017,Active,,Married,robert.uzoma@abcorp.com,175044.88
1564,Amina Young,Male,6,Process Engineer,19-Nov-13,On Leave,,,amina.young@abcorp.com,592635.33
1565,  Ronald Okoro ,Male,7,Client Relations Officer,5/13/2023,Active,,Single,ronald.okoro@abcorp.com,949044.87
1566,Mary Davis,Female,10,Vendor Coordinator,12/19/2017,Active,,Widowed,,
1567,William Bello,Female,2,Regional Sales Lead,6/1/2017,On Leave,,Divorced,william.bello@abcorp.com,289596.25
1568,  femi williams ,Male,1,Recruiter,11/20/2017,Terminated,18-Dec-20,,,337757.49
1569,Sandra Jones,Female,5,Accountant,12/4/2015,Terminated,3/11/2023,Divorced,sandra.jones@abcorp.com,"NGN 903,983.64"
1570,Amina Chukwu,Female,4,Systems Administrator,7/14/2021,Terminated,4-Nov-21,,,211849.15
1571,Amanda Brown,Female,9,Legal Assistant,12/12/2019,Active,,Married,amanda.brown32@abcorp.com,789204.76
1572,Paul Okonkwo,Male,6,Process Engineer,9/2/2020,Active,,,paul.okonkwo54@abcorp.com,812256.88
1573,kelechi adekunle,Female,2,Sales Representative,19-Aug-01,Terminated,30-Aug-20,Widowed,kelechi.adekunle@abcorp.com,
1574,Thomas Williams,Female,1,HR Manager,10/27/2015,Terminated,20-Sep-24,Widowed,thomas.williams@abcorp.com,595552.62
1575,  jennifer jones ,Female,8,Lab Technician,22-Jan-27,Terminated,11/6/2024,Widowed,jennifer.jones@abcorp.com,621646.51
1576,Bukola Aliyu,Male,9,legal assistant,2/18/2018,Active,,Divorced,bukola.aliyu67@abcorp.com,613862.57
1577,Yusuf Nnamdi,Female,10,Buyer,7/11/2018,Active,,Divorced,yusuf.nnamdi63@abcorp.com,858279.33
1578,  Yusuf Jackson ,Male,1,Training Coordinator,15-Jun-12,Terminated,12/17/2023,Single,yusuf.jackson@abcorp.com,375470.02
1579,jessica aliyu,Female,8,Product Developer,12/22/2015,Active,,,jessica.aliyu@abcorp.com,"NGN 745,422.03"
1580,  Elizabeth Lewis ,Female,1,HR Business Partner,2/16/2016,On Leave,,,elizabeth.lewis@abcorp.com,
1581,Bisi Okoro,Female,3,  Brand Executive ,5/2/2017,Active,,Divorced,BISI.OKORO@ABCORP.COM,563044.98
1582,Aisha Thompson,Female,10,Purchasing Manager,25-02-2022,Active,,,aisha.thompson39@abcorp.com,850031.26
1583,Kelechi Danjuma,Female,6,Operations Manager,22-Jun-06,Active,,Married,kelechi.danjuma@abcorp.com,707574.86
1584,Chiamaka Bello,Male,7,Customer Service Rep,22-04-2021,Active,,,chiamaka.bello@abcorp.com,468943.61
1585,Ngozi Moore,Male,2,SALES ASSOCIATE,6/11/2021,Active,,,NGOZI.MOORE@ABCORP.COM,453350.5
1586,ANTHONY EZE,Male,9,Contracts Manager,1/19/2023,Active,,Married,anthony.eze@abcorp.com,"NGN 736,667.48"
1587,  CHINEDU IBRAHIM ,Female,1,HR Manager,1/22/2030,Active,,Single,chinedu.ibrahim49@abcorp.com,254954.55
1588,MARY WALKER,Male,2,Sales Associate,23-Nov-21,Active,,,mary.walker@abcorp.com,744786.69
1589,  Chidi Danjuma ,Female,8,Product Developer,22-Nov-18,Terminated,16-May-23,Single,chidi.danjuma@abcorp.com,760160.31
1590,Susan Harris,Female,6,Operations Manager,1/24/2022,Active,,,susan.harris@abcorp.com,349975.25
1591,Ibrahim Danjuma,Female,6,Operations Manager,30-05-2015,Terminated,4-May-21,Widowed,ibrahim.danjuma27@abcorp.com,785756.63
1592,William Miller,Female,2,Regional Sales Lead,6/5/2016,Active,,,william.miller57@abcorp.com,240931.67
1593,Mary Ibrahim,Male,7,Support Agent,1/23/2027,Active,,,mary.ibrahim@abcorp.com,282756.54
1594,YUSUF ADEKUNLE,Male,3,SEO Specialist,23-Jan-07,Active,,Divorced,yusuf.adekunle9@abcorp.com,154481.94
1595,  David Musa ,Male,6,Operations Analyst,28-02-2017,Active,,Widowed,david.musa@abcorp.com,472614.69
1596,Aisha Martin,Male,3,SEO Specialist,2/8/2021,On Leave,,Widowed,aisha.martin@abcorp.com,371790
1597,Barbara Thompson,Male,3,Marketing Manager,5/1/2020,Active,,Single,barbara.thompson66@abcorp.com,490324.59
1598,Kemi Yusuf,Female,9,  Legal Counsel ,10/15/2021,Active,,,kemi.yusuf@abcorp.com,598388.69
1599,Ahmed Ogundipe,Female,7,Customer Success Manager,21-Dec-02,Active,,Widowed,ahmed.ogundipe@abcorp.com,306668.87
1600,Mary Perez,Female,1,Recruiter,22-Mar-13,Active,,Single,mary.perez@abcorp.com,"NGN 195,781.60"
1601,  Melissa Miller ,Male,6,Operations Analyst,11/21/2015,Active,,,melissa.miller@abcorp.com,"NGN 485,658.07"
1602,Tunde Harris,Male,6,Logistics Coordinator,12/15/2022,Terminated,21-Jan-24,Single,tunde.harris@abcorp.com,685712.94
1603,  bisi ramirez ,Female,3,  Marketing Analyst ,28-06-2018,Terminated,12/7/2021,Divorced,BISI.RAMIREZ@ABCORP.COM,894218.28
1604,NGOZI SMITH,Male,6,warehouse supervisor,11/15/2029,Active,,Divorced,ngozi.smith@abcorp.com,302868.85
1605,  Chidi Eze ,Female,4,IT Support Analyst,23-04-2018,Terminated,6/12/2022,Single,chidi.eze@abcorp.com,663460.73
1606,Yusuf Ramirez,Female,6,Logistics Coordinator,29-04-2017,Terminated,26-Aug-22,,yusuf.ramirez99@abcorp.com,324603.94
1607,chukwuemeka sanchez,Male,6,Operations Analyst,22-01-2022,On Leave,,Single,chukwuemeka.sanchez@abcorp.com,872383.9
1608,Ashley Robinson,Female,8,R&D Engineer,10/17/2031,Active,,,ashley.robinson@abcorp.com,926612.54
1609,NANCY LEE,Male,3,SEO Specialist,12/11/2016,Terminated,28-Oct-23,Married,nancy.lee@abcorp.com,"NGN 680,725.14"
1610,KENNETH SMITH,Male,4,IT Support Analyst,19-05-2018,Active,,Married,kenneth.smith12@abcorp.com,273310.35
1611,Amina Wilson,Female,8,R&D Engineer,7/23/2023,Active,,Married,amina.wilson@abcorp.com,411689.47
1612,  Patricia Abubakar ,Male,4,data analyst,23-01-2019,Terminated,,,PATRICIA.ABUBAKAR@ABCORP.COM,"NGN 334,058.78"
1613,Zainab Uzoma,,1,Recruiter,9/24/2019,Active,,Widowed,zainab.uzoma@abcorp.com,216112.38
1614,Grace Clark,Female,1,HR Business Partner,2/5/2022,Active,,Widowed,grace.clark@abcorp.com,657293.74
1615,  Ahmed Davis ,Male,7,call center lead,23-Jul-09,On Leave,,,ahmed.davis91@abcorp.com,308090.44
1616,ahmed brown,Female,5,Payroll Officer,10/18/2014,Active,,Single,ahmed.brown46@abcorp.com,"NGN 507,416.12"
1617,  Anthony Miller ,Male,3,Brand Executive,1/11/2019,Active,,Widowed,anthony.miller94@abcorp.com,
1618,Richard Uzoma,Male,6,Logistics Coordinator,19-Sep-27,Active,,Married,richard.uzoma84@abcorp.com,213426.62
1619,Folake Ramirez,Male,6,PROCESS ENGINEER,4/21/2020,On Leave,,Widowed,folake.ramirez@abcorp.com,
1620,Sandra Sanchez,Male,5,Finance Manager,20-Mar-09,On Leave,,,sandra.sanchez3@abcorp.com,326846.17
1621,Steven Jackson,Male,6,LOGISTICS COORDINATOR,2/8/2018,On Leave,,Widowed,steven.jackson@abcorp.com,575792.29
1622,Tayo Garcia,Male,9,Paralegal,30-05-2018,On Leave,,Divorced,tayo.garcia@abcorp.com,617949.51
1623,Segun Uzoma,Male,7,Call Center Lead,5/20/2016,Active,,Married,segun.uzoma38@abcorp.com,277294.01
1624,Femi Allen,Female,2,Account Executive,20-Aug-19,Terminated,3/14/2022,Widowed,femi.allen@abcorp.com,509564.74
1625,RICHARD UZOMA,Female,7,Client Relations Officer,12/2/2017,Active,,,richard.uzoma@abcorp.com,214404.65
1626,Fatima Johnson,Female,9,Legal Assistant,3/1/2017,Active,,Divorced,fatima.johnson61@abcorp.com,887108.55
1627,Segun Adeyemi,Female,9,Legal Counsel,10/10/2021,On Leave,,Married,SEGUN.ADEYEMI@ABCORP.COM,748886.86
1628,Anthony Davis,Male,8,Lab Technician,2/21/2023,Active,,Widowed,ANTHONY.DAVIS@ABCORP.COM,469543.55
1629,Joseph Robinson,Male,6,Warehouse Supervisor,13-05-2022,Active,,Married,joseph.robinson13@abcorp.com,704972.85
1630,Kimberly Ramirez,Female,10,Vendor Coordinator,8/31/2021,On Leave,,Married,kimberly.ramirez29@abcorp.com,600831.55
1631,Karen Walker,Male,3,SEO Specialist,18-Apr-12,Active,,,karen.walker@abcorp.com,
1632,NGOZI MUSA,Male,10,Buyer,18-Jul-11,Active,,Widowed,ngozi.musa@abcorp.com,570189.5
1633,  Adaeze Perez ,Male,4,DATA ANALYST,20-Aug-05,Terminated,7/31/2023,,adaeze.perez@abcorp.com,332697.06
1634,  Anthony Walker ,Male,1,  HR Business Partner ,21-May-10,Active,,Married,anthony.walker@abcorp.com,670645.77
1635,  Tunde Robinson ,Male,3,SEO Specialist,5/25/2018,Active,,Married,tunde.robinson@abcorp.com,"NGN 228,616.19"
1636,Richard Moore,Male,10,Supply Chain Analyst,18-May-13,Active,,,richard.moore@abcorp.com,504113.45
1637,Obinna Anderson,Male,6,Process Engineer,20-Jun-02,Active,,,obinna.anderson@abcorp.com,370230.68
1638,Emily Wilson,Female,3,Marketing Manager,15-Sep-26,Terminated,6/1/2018,Widowed,emily.wilson@abcorp.com,304876.4
1639,Yusuf Martin,Male,6,Operations Manager,17-Feb-25,On Leave,,Married,yusuf.martin@abcorp.com,915365.59
1640,  Musa Okonkwo ,Male,5,Finance Manager,24-02-2023,On Leave,,,musa.okonkwo@abcorp.com,
1641,Kenneth Allen,Female,1,HR Manager,4/5/2017,Terminated,15-11-2019,Divorced,,491998.68
1642,  Elizabeth Nwosu ,Male,6,Warehouse Supervisor,23-Feb-02,Active,,Single,elizabeth.nwosu@abcorp.com,715190.93
1643,George Ibrahim,Male,8,R&D Engineer,5/30/2023,Active,,,george.ibrahim20@abcorp.com,609270.5
1644,  Robert Rodriguez ,Male,6,Logistics Coordinator,23-Aug-31,Terminated,,Married,robert.rodriguez47@abcorp.com,692135.04
1645,  EDWARD BROWN ,Male,9,Paralegal,15-Mar-08,Active,,Single,edward.brown@abcorp.com,581047.51
1646,  Chinedu Thomas ,Male,10,Supply Chain Analyst,3/11/2021,Active,,Single,chinedu.thomas@abcorp.com,511030.87
1647,Ashley Johnson,Female,10,Vendor Coordinator,15-Jan-27,On Leave,,Widowed,,330183.95
1648,Kemi Lewis,Male,4,IT Support Analyst,24-04-2017,Active,,Single,,631537.17
1649,  Yusuf Eze ,Female,3,Brand Executive,1/15/2018,Active,,Divorced,,852110.08
1650,Michael Aliyu,Female,7,Customer Success Manager,17-Apr-22,Terminated,5/26/2018,Married,michael.aliyu@abcorp.com,280306.4
1651,Barbara Thomas,Female,8,Product Developer,9/14/2020,Active,,Single,,792729.34
1652,MUSA ABUBAKAR,Male,7,Client Relations Officer,6/3/2015,Terminated,5/4/2022,Single,MUSA.ABUBAKAR73@ABCORP.COM,564897.62
1653,Sandra Okafor,Female,3,  MARKETING MANAGER ,10/25/2020,Terminated,15/07/24,Married,sandra.okafor@abcorp.com,173984.1
1654,patricia wilson,Male,3,Brand Executive,15-Jul-10,Active,,,PATRICIA.WILSON13@ABCORP.COM,867750.96
1655,Sarah Perez,Male,5,payroll officer,7/4/2020,Active,,Divorced,sarah.perez@abcorp.com,723052.23
1656,Chidi Sanchez,Male,2,Regional Sales Lead,18-Mar-02,Active,,Married,chidi.sanchez85@abcorp.com,718368.38
1657,Fatima Sanchez,Male,10,Procurement Officer,23-May-22,Terminated,,Married,FATIMA.SANCHEZ82@ABCORP.COM,785817.77
1658,Nancy Aliyu,Male,8,  Innovation Lead ,17-Dec-12,Active,,Single,nancy.aliyu@abcorp.com,419880.27
1659,Nneka Young,Female,2,Account Executive,10/19/2014,Active,,,nneka.young59@abcorp.com,246222.2
1660,BRIAN ADEYEMI,Female,9,Compliance Officer,3/8/2016,Active,,Single,brian.adeyemi@abcorp.com,773950.15
1661,  Ngozi Okonkwo ,Male,2,Sales Manager,2/22/2013,On Leave,,,ngozi.okonkwo@abcorp.com,582657.25
1662,Ronald Danjuma,Female,8,Product Developer,11/7/2016,Active,,Single,,716672.85
1663,carol okafor,Male,7,customer success manager,22-Mar-31,Active,,,CAROL.OKAFOR@ABCORP.COM,920685.88
1664,ADAEZE YOUNG,Female,1,HR Officer,2/11/2020,Terminated,,,adaeze.young57@abcorp.com,249891.59
1665,Jennifer Uzoma,Female,2,Regional Sales Lead,19-Oct-11,Active,,,jennifer.uzoma@abcorp.com,329706.73
1666,Ashley Danjuma,Male,2,Account Executive,2/23/2013,Active,,Divorced,ashley.danjuma@abcorp.com,"NGN 350,999.25"
1667,  OBINNA MILLER ,Female,9,Legal Assistant,21-May-05,Terminated,29/11/23,Widowed,,236238.14
1668,Sandra Afolabi,Male,6,warehouse supervisor,20-Mar-02,On Leave,,,,468954.19
1669,Uche Miller,Female,7,Customer Service Rep,23-Mar-06,On Leave,,Divorced,uche.miller@abcorp.com,922470.88
1670,Bukola Walker,Female,6,Operations Manager,8/9/2020,Active,,Divorced,bukola.walker@abcorp.com,332056.74
1671,Chukwuemeka Eze,Female,8,Product Developer,18-Oct-12,Active,,Married,chukwuemeka.eze@abcorp.com,615477.47
1672,Bisi Garcia,Male,10,Supply Chain Analyst,12/14/2017,Terminated,25-Oct-20,Divorced,bisi.garcia@abcorp.com,914859.97
1673,Jennifer Nwosu,Male,5,Financial Analyst,7/18/2020,On Leave,,,jennifer.nwosu29@abcorp.com,799220.26
1674,Tunde Danjuma,Male,9,Legal Assistant,6/19/2025,Terminated,5/5/2023,Divorced,tunde.danjuma@abcorp.com,360845.87
1675,Folake Moore,Male,2,Sales Associate,22-Dec-11,Terminated,10/5/2023,,folake.moore@abcorp.com,931194.41
1676,David Okafor,,9,Contracts Manager,8/4/2021,Active,,Divorced,DAVID.OKAFOR@ABCORP.COM,433529.82
1677,  Sarah Afolabi ,Male,8,Product Developer,1/21/2014,Terminated,16-09-2022,Married,sarah.afolabi@abcorp.com,265386.45
1678,Jessica Allen,Male,10,PROCUREMENT OFFICER,20-Dec-09,Terminated,,,jessica.allen@abcorp.com,"NGN 941,672.15"
1679,Grace Danjuma,Female,8,R&D Engineer,11/7/2018,Active,,Divorced,grace.danjuma@abcorp.com,549745.46
1680,Amanda Okoro,Male,10,Procurement Officer,3/31/2021,Terminated,2/4/2023,Married,,
1681,David Adeyemi,Male,10,Supply Chain Analyst,17-Jan-14,Active,,Divorced,david.adeyemi@abcorp.com,449334.64
1682,John Moore,Male,5,Finance Manager,17-03-2016,Terminated,8-Jan-18,,john.moore25@abcorp.com,947873.52
1683,David Adekunle,Male,6,Operations Manager,17-Sep-07,Active,,Widowed,,196899.35
1684,  Barbara Sanchez ,,9,legal assistant,6/21/2013,Terminated,5-Dec-23,,barbara.sanchez18@abcorp.com,308433.21
1685,  Grace Yusuf ,Female,5,financial analyst,11/30/2020,Active,,Single,grace.yusuf@abcorp.com,584229.63
1686,MICHAEL CLARK,Female,9,  Legal Assistant ,16-Dec-31,Active,,,MICHAEL.CLARK@ABCORP.COM,909971.44
1687,chukwuemeka balogun,Male,5,Financial Analyst,11/9/2017,On Leave,,Divorced,chukwuemeka.balogun@abcorp.com,"NGN 447,427.02"
1688,  Zainab Balogun ,Female,7,CUSTOMER SERVICE REP,19-Aug-31,Active,,Divorced,zainab.balogun63@abcorp.com,"NGN 158,343.77"
1689,chinedu anderson,Male,3,SEO Specialist,9/2/2018,Terminated,16/11/20,,chinedu.anderson@abcorp.com,377763.86
1690,Michelle Eze,Male,9,  Legal Counsel ,20-Apr-04,Active,,Single,michelle.eze@abcorp.com,760033.13
1691,Brian Allen,Male,4,DATA ANALYST,15-Jun-29,Active,,Married,brian.allen@abcorp.com,430093.77
1692,TUNDE ADEKUNLE,Female,1,  HR Business Partner ,10/12/2015,Terminated,4/12/2020,,tunde.adekunle@abcorp.com,239092.64
1693,Susan Clark,Male,1,HR Business Partner,15-Jan-15,Active,,Widowed,susan.clark29@abcorp.com,"NGN 178,156.18"
1694,Grace Aliyu,Male,8,Innovation Lead,21-10-2017,Terminated,7-Feb-22,Married,grace.aliyu@abcorp.com,379490.81
1695,Musa Martinez,Male,8,Lab Technician,22-Dec-20,On Leave,,Married,musa.martinez81@abcorp.com,903504.87
1696,Nancy Rodriguez,Male,4,IT Support Analyst,12/28/2022,Terminated,3/2/2023,,nancy.rodriguez@abcorp.com,839950.95
1697,Paul Brown,Male,4,Data Analyst,3/9/2021,Terminated,27-Feb-23,Widowed,paul.brown@abcorp.com,458776.54
1698,  Bisi Martinez ,,6,  Warehouse Supervisor ,3/10/2017,Active,,Widowed,bisi.martinez@abcorp.com,738254.1
1699,  Barbara Chukwu ,Female,4,IT Support Analyst,22-05-2017,On Leave,,Single,barbara.chukwu@abcorp.com,812603.61
1700,Sandra Davis,Female,3,SEO Specialist,12/3/2021,Active,,,sandra.davis@abcorp.com,930899.78
1701,  NGOZI ALLEN ,Male,10,Vendor Coordinator,19-Dec-12,Terminated,14-Jan-21,Single,ngozi.allen@abcorp.com,858483.09
1702,Bisi White,Female,5,Financial Analyst,18-Dec-23,On Leave,,Widowed,,862838.16
1703,  Edward Chukwu ,Male,1,  HR Manager ,9/11/2022,Active,,Widowed,edward.chukwu@abcorp.com,946077.36
1704,Robert Yusuf,Female,4,Systems Administrator,19-Apr-06,Active,,,robert.yusuf@abcorp.com,792516.82
1705,Edward Ibrahim,Female,2,Regional Sales Lead,7/14/2022,On Leave,,,edward.ibrahim@abcorp.com,168405.97
1706,barbara jones,Male,1,  Recruiter ,12/4/2021,Active,,,barbara.jones@abcorp.com,848721.15
1707,Barbara Lewis,Male,1,HR Business Partner,11/23/2017,Active,,Married,,213529.57
1708,kelechi robinson,Male,8,R&D Engineer,9/10/2020,Active,,Married,kelechi.robinson70@abcorp.com,301476.47
1709,  CHIAMAKA PEREZ ,Female,9,Paralegal,17-Jun-12,Active,,Divorced,chiamaka.perez@abcorp.com,924511.23
1710,Ashley Garcia,Female,1,HR Officer,18-Jul-28,On Leave,,Divorced,ashley.garcia@abcorp.com,605360.9
1711,Melissa Walker,Male,4,IT Manager,11/29/2016,Terminated,16-Dec-19,Widowed,melissa.walker@abcorp.com,906170.51
1712,sarah chukwu,Female,3,Brand Executive,2/6/2019,Active,,,sarah.chukwu24@abcorp.com,163111.49
1713,Adaeze Abubakar,Male,8,Innovation Lead,23-Feb-12,Active,,Widowed,ADAEZE.ABUBAKAR86@ABCORP.COM,919151.53
1714,  Sandra Anderson ,Male,5,  Accountant ,10/18/2018,Active,,,sandra.anderson@abcorp.com,573709.38
1715,Fatima Danjuma,Male,4,Data Analyst,9/20/2022,On Leave,,Divorced,fatima.danjuma@abcorp.com,374425.07
1716,Ifeoma Lewis,Male,4,SYSTEMS ADMINISTRATOR,21-Apr-26,Active,,Divorced,ifeoma.lewis97@abcorp.com,407323.95
1717,Tunde Allen,Female,3,Content Strategist,9/21/2023,Active,,Married,tunde.allen46@abcorp.com,536042.5
1718,TUNDE PEREZ,Male,5,FINANCIAL ANALYST,4/1/2023,Terminated,31-05-2024,Married,tunde.perez@abcorp.com,158731.21
1719,  Charles Aliyu ,Female,9,Compliance Officer,21-Aug-29,On Leave,,Divorced,charles.aliyu36@abcorp.com,635233.98
1720,  Charles Chukwu ,Female,9,  legal counsel ,22-Jan-19,Terminated,26-Oct-23,Married,CHARLES.CHUKWU@ABCORP.COM,376327.14
1721,David Rodriguez,Male,2,Sales Associate,10/16/2031,Active,,Single,david.rodriguez@abcorp.com,480113.43
1722,Barbara Balogun,Female,3,MARKETING ANALYST,22-07-2023,Active,,Married,,
1723,Karen Rodriguez,Female,6,WAREHOUSE SUPERVISOR,6/23/2024,Terminated,2/10/2024,,karen.rodriguez@abcorp.com,"NGN 707,699.80"
1724,Fatima Thomas,Male,7,Customer Success Manager,16-Sep-15,Active,,,fatima.thomas72@abcorp.com,460735.83
1725,Kimberly Johnson,Female,10,Buyer,23-Aug-20,Active,,Married,kimberly.johnson@abcorp.com,896466.83
1726,Musa Okonkwo,Female,1,HR Manager,10/5/2021,Active,,,,159888.27
1727,  NGOZI ANDERSON ,,9,  Legal Assistant ,3/18/2014,On Leave,,Married,,
1728,  george uzoma ,Male,2,Sales Representative,2/16/2019,Terminated,20-Feb-21,,george.uzoma54@abcorp.com,
1729,Yusuf Davis,Male,8,R&D ENGINEER,2/28/2015,Active,,,yusuf.davis@abcorp.com,595955.85
1730,Patricia Williams,Female,7,Client Relations Officer,8/17/2019,Active,,,patricia.williams@abcorp.com,851100.66
1731,Kimberly Smith,Male,10,Supply Chain Analyst,8/4/2021,Active,,Married,kimberly.smith@abcorp.com,220732.8
1732,Bukola Walker,Female,7,Customer Success Manager,21-Jul-04,Active,,Widowed,bukola.walker@abcorp.com,688126.35
1733,kemi harris,Female,8,Innovation Lead,8/18/2022,Active,,Divorced,kemi.harris@abcorp.com,629034.04
1734,Daniel Garcia,Female,2,Sales Associate,2/6/2021,Terminated,1-Aug-21,Single,daniel.garcia@abcorp.com,741769.01
1735,Ronald Sanchez,Female,4,IT Manager,9/12/2018,Active,,,ronald.sanchez82@abcorp.com,274560.95
1736,  Elizabeth Ramirez ,Female,4,systems administrator,5/25/2018,Terminated,1/31/2019,Single,,386627.26
1737,Nancy Smith,Female,6,Warehouse Supervisor,3/16/2019,Active,,Widowed,nancy.smith@abcorp.com,624668.95
1738,  Anthony Allen ,Male,7,Call Center Lead,15-12-2021,Terminated,10/2/2023,Widowed,,539958.72
1739,Kenneth Uzoma,,4,  IT Manager ,4/6/2020,Active,,Divorced,kenneth.uzoma@abcorp.com,640973.8
1740,Amaka Ogundipe,Female,10,supply chain analyst,23-Dec-27,Terminated,,Divorced,amaka.ogundipe@abcorp.com,871809.4
1741,Bisi Wilson,Female,4,Software Engineer,6/5/2019,On Leave,,,BISI.WILSON@ABCORP.COM,296142.24
1742,richard okafor,Male,3,SEO Specialist,4/24/2021,Active,,Widowed,RICHARD.OKAFOR@ABCORP.COM,570140.18
1743,David Garcia,Female,6,Warehouse Supervisor,19-Jul-02,Active,,Married,david.garcia74@abcorp.com,307213.64
1744,Joseph Jackson,Male,4,IT Support Analyst,26-08-2016,Active,,,joseph.jackson8@abcorp.com,159732.34
1745,Carol Balogun,Male,8,Lab Technician,5/14/2020,Active,,Married,carol.balogun@abcorp.com,793095.96
1746,Ngozi Nwosu,Female,6,Operations Manager,17-Dec-11,Active,,Widowed,,406390.06
1747,thomas wilson,Female,3,Marketing Manager,21-Sep-19,Active,,Widowed,THOMAS.WILSON@ABCORP.COM,203067.18
1748,Nneka Yusuf,Female,5,Payroll Officer,20-Sep-25,Active,,,nneka.yusuf@abcorp.com,629473.51
1749,David Okoro,Female,5,Finance Manager,21-Aug-31,Active,,Divorced,david.okoro@abcorp.com,303013.26
1750,Tunde Allen,Male,5,Accountant,9/22/2015,Active,,,tunde.allen@abcorp.com,615399.22
1751,  Amaka Harris ,Female,6,Operations Manager,19-May-24,Terminated,13-Jan-22,Widowed,AMAKA.HARRIS78@ABCORP.COM,249543.42
1752,ADAEZE THOMAS,Female,4,Data Analyst,15-Jul-28,Terminated,28-Jun-20,Single,adaeze.thomas@abcorp.com,294883.78
1753,Richard Walker,Female,4,Software Engineer,22-May-28,Active,,Single,richard.walker@abcorp.com,377350.48
1754,Robert Jackson,Female,4,it support analyst,4/19/2019,Terminated,,Married,robert.jackson@abcorp.com,"NGN 365,783.33"
1755,Chidi Bello,Male,1,HR Manager,12/7/2022,Active,,,chidi.bello@abcorp.com,335744.58
1756,  Robert Moore ,Female,4,Systems Administrator,19-Nov-24,Active,,Divorced,,556047.47
1757,Ngozi Afolabi,Male,4,  Data Analyst ,18-Dec-17,Active,,Married,ngozi.afolabi@abcorp.com,852184.45
1758,Tayo Okonkwo,Female,1,HR Business Partner,11/19/2023,Active,,Widowed,tayo.okonkwo30@abcorp.com,879278.92
1759,john uzoma,Female,1,hr manager,4/1/2016,Active,,Single,john.uzoma@abcorp.com,570203.1
1760,Ngozi Taylor,Male,4,Software Engineer,12/18/2021,Terminated,2/9/2024,Married,ngozi.taylor@abcorp.com,
1761,Emeka Moore,Male,8,innovation lead,14-07-2023,Terminated,,Married,emeka.moore2@abcorp.com,287435.64
1762,  Thomas Nwosu ,Female,10,Vendor Coordinator,3/9/2020,Active,,Married,thomas.nwosu@abcorp.com,
1763,  Daniel Jackson ,Female,9,CONTRACTS MANAGER,22-Apr-05,Active,,,daniel.jackson@abcorp.com,351143.85
1764,Musa Davis,Female,7,Client Relations Officer,11/5/2018,Active,,Divorced,musa.davis@abcorp.com,770057.65
1765,Charles Johnson,Male,8,PRODUCT DEVELOPER,20-Jun-16,Active,,,charles.johnson@abcorp.com,482640.02
1766,  GRACE HARRIS ,Female,2,  Sales Associate ,19-04-2018,On Leave,,,GRACE.HARRIS62@ABCORP.COM,415161.9
1767,Emily Balogun,Female,1,HR BUSINESS PARTNER,11/7/2019,On Leave,,,emily.balogun@abcorp.com,190733.08
1768,  Brian Jones ,,7,support agent,5/22/2029,Active,,,brian.jones19@abcorp.com,307067.39
1769,Tunde Danjuma,Male,7,CALL CENTER LEAD,16-05-2021,Active,,Single,tunde.danjuma5@abcorp.com,536131.66
1770,Nneka Thompson,Female,8,Product Developer,21-Jun-21,Terminated,9/11/2022,,nneka.thompson88@abcorp.com,621823.67
1771,  emily yusuf ,Female,7,Customer Service Rep,20-08-2021,On Leave,,Divorced,emily.yusuf29@abcorp.com,325162.05
1772,Sandra Martin,Female,5,Financial Analyst,9/20/2017,Terminated,25/05/22,Single,SANDRA.MARTIN@ABCORP.COM,474739.77
1773,EDWARD AFOLABI,Male,7,Client Relations Officer,21-08-2017,Active,,,edward.afolabi@abcorp.com,624756.83
1774,  Karen Brown ,Male,8,  R&D ENGINEER ,5/14/2015,Active,,Divorced,karen.brown@abcorp.com,682846.59
1775,James Eze,Male,7,Client Relations Officer,16-03-2016,Terminated,8-Apr-19,,,640189.57
1776,Chidi Ramirez,Female,1,HR Business Partner,10/18/2019,Active,,,chidi.ramirez@abcorp.com,395119.01
1777,Yusuf Nwosu,Female,3,Marketing Manager,5/31/2015,Active,,,yusuf.nwosu58@abcorp.com,728215.78
1778,Musa Lewis,Male,8,Research Scientist,1/31/2019,Active,,Married,musa.lewis33@abcorp.com,800015.05
1779,Mark Sanchez,Female,10,  purchasing manager ,1/31/2015,Active,,Widowed,mark.sanchez@abcorp.com,183620.38
1780,Mary White,Female,6,Process Engineer,8/3/2019,Active,,Single,mary.white@abcorp.com,318849.41
1781,Bisi Nnamdi,Male,8,Innovation Lead,19-02-2021,Terminated,7/24/2023,Divorced,bisi.nnamdi@abcorp.com,783470.63
1782,  Chidi Aliyu ,Female,5,FINANCIAL ANALYST,7/17/2028,Terminated,7-Nov-19,Divorced,,333376.68
1783,Anthony Moore,Female,1,Training Coordinator,3/23/2021,On Leave,,Divorced,anthony.moore@abcorp.com,614140.99
1784,emeka moore,Male,1,HR Business Partner,23-11-2015,Terminated,2-Oct-17,Single,emeka.moore@abcorp.com,285218.11
1785,kelechi yusuf,Male,2,Sales Manager,5/12/2016,Active,,Single,kelechi.yusuf@abcorp.com,922114.94
1786,Adaeze Garcia,Female,2,Account Executive,16-Dec-23,On Leave,,Married,adaeze.garcia3@abcorp.com,646273.58
1787,Tunde Wilson,Female,1,Recruiter,19-May-14,Active,,,tunde.wilson@abcorp.com,646860.07
1788,Michelle Jackson,Female,7,  Support Agent ,16-03-2022,Active,,Single,,"NGN 300,464.42"
1789,FEMI OGUNDIPE,Male,3,Marketing Analyst,21-Sep-01,Terminated,,,femi.ogundipe@abcorp.com,730722.94
1790,Chiamaka Williams,,1,Recruiter,6/16/2022,Terminated,13-Jun-23,Married,chiamaka.williams@abcorp.com,930103.64
1791,Barbara Rodriguez,Male,6,Operations Analyst,25-01-2016,On Leave,,Divorced,barbara.rodriguez74@abcorp.com,790297.27
1792,MELISSA YUSUF,Female,2,Regional Sales Lead,6/9/2023,Active,,Widowed,melissa.yusuf@abcorp.com,259513.31
1793,Susan Okoro,Male,10,Buyer,11/27/2023,Active,,Divorced,susan.okoro@abcorp.com,"NGN 843,353.75"
1794,Emily Nwosu,Female,1,Training Coordinator,18-Jan-24,On Leave,,,emily.nwosu71@abcorp.com,493778.49
1795,kelechi bello,Male,10,Procurement Officer,22-Dec-05,Active,,,kelechi.bello15@abcorp.com,302931.95
1796,jennifer abubakar,Male,1,HR Officer,22-Sep-02,Active,,Married,jennifer.abubakar1@abcorp.com,"NGN 723,789.20"
1797,Fatima Chukwu,Female,7,Call Center Lead,18-08-2022,Active,,,fatima.chukwu@abcorp.com,432542.55
1798,Ashley Ogundipe,Male,1,HR Officer,23-May-24,Terminated,10/24/2023,Widowed,ashley.ogundipe37@abcorp.com,
1799,  Kimberly Eze ,Female,8,Lab Technician,1/9/2018,Active,,Married,kimberly.eze31@abcorp.com,457665.32
1800,Richard Bello,Female,7,Customer Service Rep,15-Sep-15,Active,,Married,richard.bello32@abcorp.com,684757.54
1801,karen johnson,Female,9,Contracts Manager,15-05-2021,Active,,Widowed,karen.johnson40@abcorp.com,489878.94
1802,  Richard Uzoma ,Female,10,Purchasing Manager,30-09-2017,Active,,Divorced,richard.uzoma@abcorp.com,544520.44
1803,Yusuf Ogundipe,Female,9,  Legal Counsel ,2/16/2025,Terminated,12/12/2020,Married,YUSUF.OGUNDIPE48@ABCORP.COM,355165.23
1804,Segun Thompson,Male,2,Account Executive,23-Nov-15,Terminated,10/6/2024,Single,segun.thompson22@abcorp.com,
1805,Barbara Thomas,Male,10,Vendor Coordinator,15-Jan-01,Terminated,30-11-2018,Widowed,BARBARA.THOMAS95@ABCORP.COM,
1806,Bisi Balogun,Male,3,Content Strategist,3/2/2020,Terminated,7/9/2022,,bisi.balogun93@abcorp.com,651704.45
1807,James Okafor,Female,1,Training Coordinator,12/16/2018,On Leave,,Widowed,james.okafor@abcorp.com,272991.76
1808,Uche Aliyu,,10,Buyer,22-May-29,Active,,Widowed,uche.aliyu@abcorp.com,373340.31
1809,Anthony Ogundipe,Male,10,Procurement Officer,7/12/2023,Active,,Single,anthony.ogundipe@abcorp.com,240531.91
1810,ifeoma rodriguez,Male,1,Training Coordinator,21-Oct-21,Active,,Married,ifeoma.rodriguez68@abcorp.com,357726.58
1811,  Chidi Ramirez ,Male,9,Compliance Officer,22-Jan-03,Active,,Widowed,chidi.ramirez@abcorp.com,407473.93
1812,  Patricia Robinson ,Male,2,  Account Executive ,6/11/2016,On Leave,,,patricia.robinson25@abcorp.com,794298.62
1813,  Karen Musa ,Female,7,Customer Service Rep,23-Nov-30,Terminated,,Divorced,karen.musa19@abcorp.com,611108.01
1814,Jennifer Chukwu,Female,8,Research Scientist,20-Sep-08,Active,,Single,,189082.52
1815,Karen Afolabi,Female,10,PROCUREMENT OFFICER,17-Aug-23,Active,,Divorced,karen.afolabi@abcorp.com,189198.33
1816,  Paul Balogun ,Male,7,Call Center Lead,21-Nov-20,Active,,,paul.balogun@abcorp.com,772891.04
1817,Daniel Okoro,Male,9,legal assistant,4/13/2023,Active,,,daniel.okoro@abcorp.com,587982.14
1818,  Nancy Bello ,Male,3,Marketing Analyst,2/8/2016,Active,,,nancy.bello@abcorp.com,666148.86
1819,Amanda Nnamdi,Male,2,ACCOUNT EXECUTIVE,23-09-2023,Active,,Widowed,amanda.nnamdi@abcorp.com,935766.71
1820,Ifeoma Robinson,Female,6,Process Engineer,8/30/2022,Active,,Married,IFEOMA.ROBINSON@ABCORP.COM,217685.49
1821,  Robert Allen ,Male,2,ACCOUNT EXECUTIVE,17-Sep-15,Terminated,14-Aug-22,Married,robert.allen93@abcorp.com,"NGN 522,546.16"
1822,SEGUN BALOGUN,Male,4,Data Analyst,17-Mar-06,Active,,,segun.balogun@abcorp.com,327503.06
1823,  MELISSA BROWN ,Male,4,IT Manager,10/1/2016,Terminated,21-Mar-18,Married,melissa.brown@abcorp.com,"NGN 181,368.92"
1824,  bukola uzoma ,Male,8,Innovation Lead,19-Jul-26,Terminated,11/18/2024,Single,bukola.uzoma4@abcorp.com,173518.58
1825,Chukwuemeka Adekunle,Female,8,PRODUCT DEVELOPER,7/3/2023,On Leave,,,chukwuemeka.adekunle@abcorp.com,152459.29
1826,Elizabeth Davis,Female,2,Sales Associate,4/12/2018,Active,,Widowed,ELIZABETH.DAVIS@ABCORP.COM,261434.92
1827,Segun Aliyu,Female,6,Logistics Coordinator,9/10/2019,Active,,Divorced,segun.aliyu@abcorp.com,385158.71
1828,MICHELLE AFOLABI,Female,7,Customer Service Rep,10/20/2028,Active,,Single,michelle.afolabi@abcorp.com,901076.17
1829,Patricia Uzoma,Male,8,Research Scientist,5/8/2018,Active,,Single,patricia.uzoma@abcorp.com,422426.72
1830,Charles Thompson,Male,9,Paralegal,4/4/2018,Active,,Single,CHARLES.THOMPSON@ABCORP.COM,572247.9
1831,Sarah Danjuma,Male,4,IT Support Analyst,27-03-2022,Terminated,9/12/2022,Single,sarah.danjuma@abcorp.com,
1832,Amaka Johnson,Female,5,Auditor,16-Nov-09,On Leave,,,amaka.johnson@abcorp.com,763302.79
1833,Kenneth Garcia,Female,3,seo specialist,15-10-2023,Terminated,29/01/24,,kenneth.garcia@abcorp.com,167018.69
1834,  Amaka Allen ,Male,5,  Accountant ,23-Sep-15,Active,,,amaka.allen@abcorp.com,709742.07
1835,George Adeyemi,Male,5,Auditor,2/15/2023,Terminated,9/13/2024,Divorced,george.adeyemi@abcorp.com,345169.44
1836,Tayo Danjuma,Male,3,SEO Specialist,21-Nov-03,Active,,Single,tayo.danjuma@abcorp.com,622409.71
1837,Paul White,Male,4,Software Engineer,21-Apr-20,On Leave,,Widowed,paul.white@abcorp.com,763192.8
1838,NANCY MOORE,Male,4,IT Manager,6/12/2023,On Leave,,,nancy.moore@abcorp.com,816023.97
1839,GRACE JONES,Male,2,Regional Sales Lead,8/25/2020,Active,,Single,grace.jones@abcorp.com,"NGN 925,594.05"
1840,Elizabeth Walker,Female,1,HR Business Partner,7/29/2019,On Leave,,,elizabeth.walker@abcorp.com,"NGN 663,658.57"
1841,Kelechi Afolabi,Male,1,HR Business Partner,7/16/2026,Active,,Widowed,kelechi.afolabi@abcorp.com,594371.59
1842,David Allen,Female,1,HR Business Partner,11/20/2016,Terminated,6/22/2021,Married,DAVID.ALLEN@ABCORP.COM,256132.54
1843,William Ogundipe,Male,4,IT Support Analyst,8/9/2022,Active,,,william.ogundipe@abcorp.com,487519.65
1844,tunde balogun,Female,2,  Sales Associate ,30-04-2018,Active,,,,918990.27
1845,Adaeze Ibrahim,Male,4,Systems Administrator,4/17/2019,Active,,Single,adaeze.ibrahim@abcorp.com,874034.23
1846,Edward Lee,Male,2,Sales Manager,17-Dec-05,Active,,Married,edward.lee@abcorp.com,777515.64
1847,Joseph Thomas,Male,9,paralegal,7/31/2019,Active,,Married,joseph.thomas@abcorp.com,544260.87
1848,Linda Afolabi,Female,4,Systems Administrator,10/23/2020,On Leave,,Single,linda.afolabi70@abcorp.com,677128.43
1849,ahmed smith,Female,9,Contracts Manager,5/3/2016,Active,,Widowed,ahmed.smith@abcorp.com,766072.17
1850,Anthony Allen,Female,4,Systems Administrator,21-Dec-28,Terminated,15-Aug-22,Single,anthony.allen5@abcorp.com,788708.08
